name,hash,size
iOS,0f471ddf8ceb2c16f8deb06da1ed911a8a9180ff1fa0db64f07672797d363866,21434
additional/enemy/1,d1429db032bf560693ec45d10bd599707153e45df85b13b07b7957d8b44bea97,4555295
additional/enemy/2,046930a5f346a49cbe5f41f9afd14e37931ff7d976fa1bedcb4a738ac8fe24c2,2981224
additional/enemy/3,2c67e3b084ed9f788d5198baa7ce2818cbb35a9f892152cd9415a7f7d41ee002,2268306
additional/enemy/4,e13fb559fae235175cce7c2146ac739a54793eb920a0beac52bf2b90ea700dfe,3228614
additional/enemy/5,45248c327135b9c18b18bd277e5838d87691253102e98545182d1e96811c661a,2177904
additional/enemy/6,722131945776dfbc4251ba07bc43d24c3b668b28a5523281678bfc9a19a313be,2837269
additional/event/1001/textures/ico_event,44da2e8c63ff923fcfcb60ea49676897f5e8b01b89f4e3302e12e4d2009afcf1,16464
additional/sky/1,896387e49822fe0ed013dc10fb2821f137d13df9a8dc4edd4bb618a43c706b48,1497756
additional/sky/2,ed34ea89c9fb3f1ab77bf4e3faa9ede2567487a40e4ee2a4b59de0297f34ac11,3774504
additional/stage/prefabs/1001,3544e98ed40e6686838f3ec020bc39b4155e72e5fa4aaf0fbf3b8a66b38e88e6,3388
additional/stage/prefabs/1002,b2d9b28fb6d2d9380f31432b3856051066962b14cc3717ee97107d54bca1863e,2521798
additional/stage/prefabs/1003,96f0e9cc6926d2b8c3328c82216fbb1a431d933daada84ecd870764dbcb9ff8e,103527
additional/stage/prefabs/1004,8f29bcdd9e1f8ed86cc239a9c0ef0aafac18b492b778c4541835d86518a94a7a,1807231
additional/stage/prefabs/1005,e8febe0ffd7af384eef92f88e2c2a387fbee52bf2797e4b2585bfc3177476db5,899465
additional/stage/prefabs/1006,b43bbac071b9a7aaef65a3dbae2bebc15358933bdefac5248810878b2aaffd3d,408098
additional/stage/prefabs/1008,c578463261079a918dbec7008132d600e8ad8b5ccecc2903b002594779f9e818,1689774
additional/stage/prefabs/1009,0311c677d11753be0bdfaef7cd771ce9ed6eff6318d6cbd709d1a2bededdd3fa,4466187
additional/stage/prefabs/1010,e183a2d41007ef8a527095a7cb8659d1b0d23ef23d6816e14a2150ce4240f455,3374
additional/stage/prefabs/2001,a90a133f01faae9005a6cd9812208be1a732f831f48f9da14e23d938973d925a,3394
additional/stage/prefabs/2002,89f1f6f62ee350f0a1a95404ab31836b5f20f0e6198aca3be0c097d8b0cf8b3f,3374
additional/stage/prefabs/2003,b077ad3dbaf50f8325a3fb2f3b57681de627bed45238a557776ce472804ad307,3395
additional/stage/prefabs/2004,7842ecf6b9c814c674b995d340bfb8cce777255e02e89fdd37caae3655de2233,3376
additional/stage/prefabs/2005,01e7d811b207dfa53c962459c2854c10d15aebbc2215364e5e70b1582e883e6d,3390
additional/stage/prefabs/2006,a3be62a478638a73ffc130baa21d1234cb72826cbaf93d0680e814ab6baf80d7,3362
additional/stage/prefabs/2007,5ca7de413f6b6afadc75eacbe7d2502da283e679cbcbdfcbf2c1feefe0244a02,3393
additional/stage/prefabs/3001,b15b91223e39bede10f647ba39a274ab18aff7c7d18f0fc8090ee86fd950e341,3412
additional/stage/resource_pack/1,cc892e32725bae3f242d47917f42f31e39e60112df9c3aa171a01a1e740db45f,5411351
additional/textures/card/1/1/card,7604bc3e4982e54c972a5c3d2eb0fb88c7abc9b16e62439924fb182467fadf63,902867
additional/textures/card/1/1/character,ea802607342a0fed2fd59e7a1f778268cb2ddadbd5b8a0ad369dc5b951195ea7,177061
additional/textures/card/1/1/icon,d70206b91e5aef499c28b6b17a2d23a5dcd5730bea584f3d88cc53390619226e,53230
additional/textures/card/1/1/myp,bf6c519a3485670c5e2a218fad8ff2eeecba98be4b59762341ccffabae94b4cd,440387
additional/textures/card/1/2/card,fa14d0227bbd87138c2f911435ea8fd21b8da5a9a7023c27f565cedb37c3731e,1015373
additional/textures/card/1/2/character,9c1aacb64340d633e7c6e1a13e8c12355f692982592ddff66d88c578f9e28964,179485
additional/textures/card/1/2/icon,d2119c6f886219da597f590656776e210936f3194e7648afcd0b48a3ad8cc4d8,57431
additional/textures/card/1/2/myp,58a9a8e2fafc05821b5a860cb486e602d27fba26f12d5b6d8f05b2e9d32980f0,482646
additional/textures/card/3/1/card,e98afa0a874c71f58358fd8660ac6f6b62c731b321180b47e4f43624a5a33e92,858488
additional/textures/card/3/1/character,1a7f3fe90d72fab400f27007ab9d64043496167677e944f66d1535b146bfae02,173399
additional/textures/card/3/1/icon,f46651b273772b033a8a7a8e7af46f9ea5b3f1bb90e691c16c0d2d7bb84e0a5e,56126
additional/textures/card/3/1/myp,d70e7a358bc48f13cef8a67af52e3a0d72dd0fe7d952fa78b5cb62a58f691c97,422000
additional/textures/card/3/2/card,427e072cc31cf64b7fc053bf965dffb3a5c76a93aeb93aea506737bf175490fe,984735
additional/textures/card/3/2/character,f7cf41df93db07b9b43678692ea03884bd76dc8dac69401500e258eee17e7b44,204595
additional/textures/card/3/2/icon,4d572fb27e6fbfdd62ad09840518de33feafaad4b3af0a401a3468e134b51745,54715
additional/textures/card/3/2/myp,960747aac579e48ea7d0c3f7bc508cde996e8126da49cc05c2489b1c33632394,474146
additional/textures/card/5/1/card,2709af0947e2edb8808a58ca736344078519e6036d3fc35f638db69593b40528,778305
additional/textures/card/5/1/character,654c44e231cb9bb063eee18d262b72592dbe2bab21ea7ea81187206620cacbff,197191
additional/textures/card/5/1/icon,0f85e1784c6e0d51f292d84165cdcabc9227038e6ce40f4246b1f9477a519cc1,52819
additional/textures/card/5/1/myp,d5b28a1b3ce8af5c43680690af55b7538b75e4d45aa7bf3a01a882682fc7ac9e,347921
additional/textures/card/5/2/card,0785522dbc05802ee345377c80be0eac066f28288c752fbcc6e5ee6b038f5def,976782
additional/textures/card/5/2/character,72ca6d5e0745ffc8712f36b01731ba1ccdb8d8997d60d9c030e3a16afb0d3588,222310
additional/textures/card/5/2/icon,f760d2375080b46b3b0e9da07583a2baf4f904ce5dbdf2f4c08fd6b9665c6e80,58768
additional/textures/card/5/2/myp,57fa961a22c54bcad92cfe564c3632cea2a5adb77a5aee04d532ab561cce83f8,449427
additional/textures/card/7/1/card,a17ad07635a5969b135a7ff6871818a8278427d9765aff201a504f55e5e93dc5,640289
additional/textures/card/7/1/character,3ed72212be35460ddbd1ea3d23c1634b2fd51e8c263ec6f86a6a41fce8407052,112276
additional/textures/card/7/1/icon,1ed1f5f258fc11e251e3d717cbc968d95aeb4f7ab757a31b6f282fec1eb8f7b2,52355
additional/textures/card/7/1/myp,465b58a0c8fc0e1d4c55da8550446669ea822ab6572c9d8926fc92869bf319e5,284937
additional/textures/card/7/2/card,150ccfbb429cd4563ecca205ed2964cf953db4fe58c1614593c64a8fc12ea96b,883996
additional/textures/card/7/2/character,cafc21ed8fb88dfc4dc22b394dbca04285c8a993f4c6efbdf41de9d5793d3c5f,181399
additional/textures/card/7/2/icon,a74a4c9a216fc65fae18d95753635c7a93aae3f47df87489fc0c8fe1324ead2b,57968
additional/textures/card/7/2/myp,38afe172226749faf68bb52c2227232ddb15e9ef633203cdd5c6bfc53c4b55d2,459403
additional/textures/card/9/1/card,adacdf9f956fdc7b3c28cbd43a00cd1a51c43573001c443d7bfc6a6654c02717,615155
additional/textures/card/9/1/character,1cfb14683b4ddf45a454465067b1d7cd376fdc652475e0ddaf11ffd6a86d3d42,136774
additional/textures/card/9/1/icon,97d3eb0d297c4b36febfe93be9bad3ed596c60eab76401987888cf87614a9ecf,50466
additional/textures/card/9/1/myp,13d86efb48562afae3c14b8c88af27dfd6749610f5ef44d1d4ed10ad9859c1b3,305714
additional/textures/card/9/2/card,9bd795c7b4a19266bd2803e42ac02e872fe56e5ff2b68128384a8f4142be8857,1057710
additional/textures/card/9/2/character,b296b776d10fb97fb2096c5a071deda60163f9b6ceb409b8b4396f7ba5249a55,230146
additional/textures/card/9/2/icon,1cc5f985957771dc092b78022b776cf660496db6ba922d55fc2086c11eaa077c,58015
additional/textures/card/9/2/myp,f48c486320002b15978e6b1204fb5ba5365b2a2c63f0288d58fce5d5f1ba0c7b,480508
additional/textures/card/13/1/card,bd3132f25ccfd2378fe22f03617605796ab1bca3eca3f185376caf3d3770d79e,645254
additional/textures/card/13/1/character,ec4386288c832fbb441a35c1bd808f274189c5ba2da1aa0ede1e3bffd3758d08,104686
additional/textures/card/13/1/icon,b44d78590a3c0a8984cf3763f4aa9fbae899995e1bcf9a77f9624c5266d2ad45,43919
additional/textures/card/13/1/myp,78881485133f0a5235fefd7d462ce9be264042e817de7a1f1016d5476c972bfa,279311
additional/textures/card/13/2/card,59686906cbea6321727828151c5af0cbfd81c18874bffbfb621eaf367919aa88,918141
additional/textures/card/13/2/character,f3b5a165d7e6a911ed7eb65333cc9574f7aaee641c1a85d2c1c2d32d83b45835,163740
additional/textures/card/13/2/icon,9cc94a16053afdfaca74ae19eb461b5d0d346fc36970fae768094786fa32c679,54395
additional/textures/card/13/2/myp,75b2375c1a9dbefb3d5b79a269cb76a7ad2f74663182bc0a4751d15a0ba2a30f,434180
additional/textures/card/15/1/card,cbe4b4edd3d40e55e2f11624a4a5c6462735f9b93f622faff0720f64944c4d50,792326
additional/textures/card/15/1/character,875f6fb7ac7c7bff7cc4cd686240a031d79a632a6864ad620f9d4ab9be133cf5,159149
additional/textures/card/15/1/icon,67f621af1acb26bca99aa66da33f0a87a0522289c41a294bb835ca44520e302f,51733
additional/textures/card/15/1/myp,9ca79a48fb7ebedad042c27dfef166fb859698b2f2b23785d9007ff6c47fa006,325403
additional/textures/card/15/2/card,44dca0074a15102334bb745e2a6516e2252c7804fdffebccae3ffe7d54bbe4ad,954465
additional/textures/card/15/2/character,a7f896bd19bfd7f1f3a7afba489768cd6dffdf462e404b13fa11c23decc3af8e,216306
additional/textures/card/15/2/icon,50fbb3949f1b98ba0be4a5bc9e116dd61b72991aca3d62e5e26f9bb9f11bc270,55557
additional/textures/card/15/2/myp,43b225d337418928e874c6c247cd107e9622581caba2888b1cea0136a4024a27,430778
additional/textures/card/17/1/card,34e920d690aa3c32bd754ab93e9fc4ff81555db2118187a4c2a030c32b067564,601383
additional/textures/card/17/1/character,e28eeb1e3b7b548e49050f5dd6261b5f7929e2a80be78b0d45e2aa0efc123b59,99322
additional/textures/card/17/1/icon,7d5b98d4dfc951324ff80b01215275ebf2f1644f1e0e584bffa31423a3081a40,45430
additional/textures/card/17/1/myp,ba6fb4eb9e32679329448cef71f3073f228a3438fded2567393c3fb083c57e12,270378
additional/textures/card/17/2/card,a3822e4c251f096d82a26df21f3dac31b8d19520ada65089f644f508cc9de2d9,676959
additional/textures/card/17/2/character,0edeeb56ac065f0042ce03177318adc66a4abc61799b5ac8e92f684c16a297f1,121845
additional/textures/card/17/2/icon,7bca7f1a370e8ad8362a8572721098816cf567deb7d4590f47dccba90f063712,46866
additional/textures/card/17/2/myp,4db396c9a2dc2ae9df9828e2ab32ba11760ea6b24d9ad00087892a638cc5c6ab,315613
additional/textures/card/19/1/card,fab9ad7dc363942094c6d93ba9f873165349e98ac11e29730b3b492cc938f194,631872
additional/textures/card/19/1/character,c4b3764b9e3cf2ebdb48da371093c4686e59295950b6e39850646d92113a96d5,104501
additional/textures/card/19/1/icon,ec18c6d8fd8d3898673ee2fbb18127e1aff370317bd4953c7bbbb1b6c2aa1d9d,46003
additional/textures/card/19/1/myp,07b5ec3b13f34a6167e646e248232aee32d5c2bb5bf0a2bc8d9fbda474cba42d,280998
additional/textures/card/19/2/card,145cad3b6ce71f284967115846b3de938d228f77c605c7aeaf6c75c0fdc452ce,782063
additional/textures/card/19/2/character,4b2d5e81949fec0215fcaf19a661da96cd873add6811b9b38d3bed05cdef8030,142254
additional/textures/card/19/2/icon,83ef0ec2f6d1eaeed2da8c74ec5466b6e21687fbb3a11673209bf173c30e2e19,48500
additional/textures/card/19/2/myp,7c289b3ad1baf8d72dbd24e22c88d7227fda3a1a66cfd1c3864bd3f0aa6a4ca3,316850
additional/textures/card/21/1/card,f5dce94b7ce7a9fa510906934c3b92be35e058a84703419db5b972010448942a,621187
additional/textures/card/21/1/character,acfb8f74d69e2cfbda38b3f639a9e9c1f9714ea02e10e183c48ba0b829810137,110022
additional/textures/card/21/1/icon,c4aa57587eb0ce2b9f4bee53a0de7c966934b7dbbc9ee25bb58f4bdfb165b8fe,45157
additional/textures/card/21/1/myp,c7c7f314a19f2957d2b8dd8a44396f69132a2c0e6c4731f5e768d63ccc63dcfe,298011
additional/textures/card/21/2/card,3c27a84c3b90993cf94286a620bc69544f2eddfc6fef0617cb46498093149afd,765969
additional/textures/card/21/2/character,4f1dc6faad02d319fc7a5bb3bfba58c83ee67d3b6fb704470027f156c9211d79,140976
additional/textures/card/21/2/icon,0d7fd9777ba48618bcf0e579a85cf62bc34ce80b9c59ecb57d0533909a2e3a9a,49325
additional/textures/card/21/2/myp,5cf53c595b5054127e6b23027a70fa613e84a32e7e793caf7a0dec71f4a28939,373232
additional/textures/card/23/1/card,ce43f39d37dcbaf8c83e5f5ae2e4943a7e64abeac84bf8bd6d6dc0002f947f19,737868
additional/textures/card/23/1/character,14446419da5015de5b863c4a14af13d9b235661aa388328d8cf99d692ca8d8dc,142296
additional/textures/card/23/1/icon,b34e803f7dfa457ce6de491445ace3da49cc6594e7fbf24103bc9f54eb646498,50660
additional/textures/card/23/1/myp,9db05b724e42b87057074438affc2449a48853cc8449eef10bb1c1a18191d7da,361381
additional/textures/card/23/2/card,8d1d3aa914cc10e9e8452fad31ca2bd53f1059b74e0828b3a490bb9bb9533605,912457
additional/textures/card/23/2/character,c4a908802f7d60cac58ed97f4a74bc46cfb9a9c125fe3316adaff01f0976ba42,184990
additional/textures/card/23/2/icon,370e7830e049a513f7470b153853372e157126d3b571dfad38e5d111d366ab0e,50491
additional/textures/card/23/2/myp,9415ce1be4334dfaab1527ab166d38dff5b291891e39395ab8652ac3a8245b5a,381320
additional/textures/card/25/1/card,1aa066ef58e184a633b6bb455dbcd3da5be65f70518dd06ca3600a50c059e93d,811911
additional/textures/card/25/1/character,b8ffa16c01eb211426c3cae4aadb699657ea67227669848a3d9c45f83e9f15f1,134199
additional/textures/card/25/1/icon,dd5ac7d5546b9754b723a2c63d1a35a42c5bce07d85cb7bf8949029c8f205b50,50270
additional/textures/card/25/1/myp,c55be25f8f767da777ea1c8a2eb6d3a212de2f5cefd1f3c40ca9e68c45117ed8,378266
additional/textures/card/25/2/card,2b1815b48c967234621aef2aa42ab30db240f65ddb191df082ff4db7fe80606f,944945
additional/textures/card/25/2/character,bc1bb72562917d750ca11c43df06d3f1eb31105dd52d19afac464f4fcd55c76b,166802
additional/textures/card/25/2/icon,f7e66076adeb02dbe66e3a275821c732972cfefb0c6a45502cfc81c0ba7772be,52289
additional/textures/card/25/2/myp,e6f359af40b3cd1b80c156a3d3e603e564606d53bd139382cf392007350cdf70,409084
additional/textures/card/27/1/card,362d83f749285a678883e04213715f7c92af7d4408e4cc93585ce34a57c9e2f9,899356
additional/textures/card/27/1/character,47c0f1b176a8e0ba0419b2006ca84df36be286bd09232876c11a7272b2cc8450,155224
additional/textures/card/27/1/icon,60de07e8fed199c8dca60b4dccd2f2ec9851eb16725df2b9525146a328505fdb,51546
additional/textures/card/27/1/myp,32d3be292feebc65fb719ba6678ce2843ea9a545e9bab63212b498b2a1f6becb,408667
additional/textures/card/27/2/card,5aabef6fc32a12e2fd2ba8f9b53b6a4463f9dc9c5c9dddbe3b5cd28a4731feb2,957038
additional/textures/card/27/2/character,2a755f57f68a36ccd92af0fac8d2fd5de12b11f5c0affb471386cf4dd6e6116c,165790
additional/textures/card/27/2/icon,66de86f8a089f56089cfa1ceee5b531e6e757d676b101d07c6e7cb5e8209544e,54177
additional/textures/card/27/2/myp,a6c3979759df09bd92b431d67252df8f55ffb44cf01e4196ec38aea18f9b74f8,413286
additional/textures/card/29/1/card,d69e955222cd18375f892eb1f31c279aa4af62cd57304421354a39ef0f619e88,650838
additional/textures/card/29/1/character,ec4c618110921b1a1df6f266f7cbf1ebc27b20578ebfa12d3fbfe2560856c3fa,130353
additional/textures/card/29/1/icon,6cf4a8d851617611607faf18ebe5a6cf1a269b50ee117708e74e48322d41e6ec,48349
additional/textures/card/29/1/myp,7efd1cb0b4d6eedc9ae26e57af0b5222d2ad3fe716831dee0d51d9854155cc7a,302961
additional/textures/card/29/2/card,ffa0b36652d45a7d2bfe25bf0a7981af8ebe6b1e13a587ef164a7de11dfc2875,918178
additional/textures/card/29/2/character,84bdc234bf31a23b3c8754f644accac0ba3f5b53ae8e050b1fce8c0f4910f30c,175242
additional/textures/card/29/2/icon,5a1dec2e654e6f7c516fa4fcef73dc1438daf470f841850400bea020c43f2234,50828
additional/textures/card/29/2/myp,ebdbbbff04def0ff2e88c545ea7ae1fcbd5d274e546fc9897cce605cbf602cc8,385672
additional/textures/card/31/1/card,cbc56e949cb949056e6d65d56b145fefdded82712a8bafc95c574f64dbc96ddc,764676
additional/textures/card/31/1/character,37983b434bc66565e134fa694a8e00156246020ad950045548d4091d61d5e0e1,183897
additional/textures/card/31/1/icon,e1a44326387b21cf3add7c27dad17ae4bc4a41b04af97aa3f927804645bcc585,50371
additional/textures/card/31/1/myp,e638f6bd6d745df16f65d230b51171df3f5a8be1553c18bc658d9939c19dfafa,358773
additional/textures/card/31/2/card,b794296f67816bc94fe6b39538cab7af2332ebd58846b42bc6f62627d552a9fd,890646
additional/textures/card/31/2/character,2bd6c906c1e1a8f594684e2d80713c7f238e5b60ea4257d857434ebdbdc9c7dd,169452
additional/textures/card/31/2/icon,a6d6699a3ef5c9162c63d45b01c4a93a0ff1e377b9d379bb91f1a99e22df9c6a,51944
additional/textures/card/31/2/myp,4a85a4c76ab4f40cc15d4648f39358502b947e76679c9ca76c12c4f4cd12d612,391140
additional/textures/card/33/1/card,7b2e45f9655260edafc327ec3f69fc0250375308aa15f628be644d384fae363b,780882
additional/textures/card/33/1/character,ab15ba75296e4b67d34884a0b2cd4e12c5a17647480ed3388518aa13c015039f,172692
additional/textures/card/33/1/icon,85a145e50ba9b0c7c9f432025c0ab65eea8a738a0318b8b4ee50d39a5d331b77,54424
additional/textures/card/33/1/myp,e1820da1fb57af15f7710b07af1272966caeaedcbd0b11dcf8a3c82edfcdfa16,376583
additional/textures/card/33/2/card,a1c3b36b96df19782925b47cc220b46fcb0c8a09ae8c89a3804e4b0898420281,916796
additional/textures/card/33/2/character,ba6937d111f59d5e6945c55234eb7f78eebced53f577d104d19bdf158e2c3773,170072
additional/textures/card/33/2/icon,b8afa6e42359811cba00833b3bc3f72b77393af90ff93886ddeecb44b7f963ad,56005
additional/textures/card/33/2/myp,7a63be7a00221ef9cda9e5063ef15e45bf7d50fd98f3d07f9e2c57fbb5fa3beb,410157
additional/textures/card/35/1/card,91f9e68b30465cca70a0fd305a0be92d229b46a4ac6cf1adc7fb75460ec05785,718321
additional/textures/card/35/1/character,ad0e231f520949d58d7b7b934a2f732435f6b4814a414040fdbf38012c75c9bb,150979
additional/textures/card/35/1/icon,09763188815f77ff1df72dec1fb2d0f0f439513a6aa00d461cdf7fa99df12b31,43788
additional/textures/card/35/1/myp,4e6b8c89d884902c711deca2d692402d8c3c19bb2523f07b622c7cdaf22aecd3,304881
additional/textures/card/35/2/card,d7af2641d200e528fa1d64237473c9a6b0167227014b65d7ded4aa867eb654e8,896317
additional/textures/card/35/2/character,7fc25c24e6d9982a5555052512e569c0756a5a3c2df3da85c7d967225f93adc9,203863
additional/textures/card/35/2/icon,35a93997f8107d50e019e34b01a3440db760be23d0476c626ff40b3c50d6791a,49985
additional/textures/card/35/2/myp,44e8b14d81e7b8f43742e5d89dc0bcbbd34212975a9dfc8a8e4da5c6a7188503,418190
additional/textures/card/37/1/card,86721f4dc998a538e0a14dab0a8d8fe5ed3afc9539566b5a00fcf9375b8cb72b,754163
additional/textures/card/37/1/character,dd1b00ab2f20c7b3f5d110434defdf48c69beb81e91e7596945a2a05416bf10c,145773
additional/textures/card/37/1/icon,53a2055589cd674369502145a4492e928c0da16a19628a12903683ac04f784f2,45366
additional/textures/card/37/1/myp,2f8730887f586508bb7c4fb61691df2a6de01374e603d59d74ea492c63a5c464,344724
additional/textures/card/37/2/card,2fceeef91c8654ca33c9ee080414ab21804bf43eb5fffb8b7086e4c7b591f8ad,853470
additional/textures/card/37/2/character,5a04f913b7fec70c1878c1739ec509474e7fff2897a33cf7bd08408a97e172e3,177787
additional/textures/card/37/2/icon,7e812cd6c6e1413b67f3c6490e9d55bf5ac71e8e84ddee1a50e9414f5e74764e,50436
additional/textures/card/37/2/myp,ac990dea25355cc0142a7d9e3b37bd56490c170cbc55213e8e467557fb91e18a,375714
additional/textures/card/39/1/card,5aa9995d84979d4cab02fe56eb5c52e9580b57a224b926583fd3b9a418be4927,606000
additional/textures/card/39/1/character,059d98290461eb22a42cf70814812f3f1802b7d4b72ab3f3baca7aab3043cd40,100914
additional/textures/card/39/1/icon,e51289c349de59dcdb77a3a5ce2804adbdaab860a3658799b14ee228077163a1,39513
additional/textures/card/39/1/myp,eb077cd73b3c226fbc491892e37b330252cd03fd17c4e15989792d9658dcadb9,287774
additional/textures/card/39/2/card,2058459a85e8427fb5807cb783412d8e04cbd361f2c4f0d0878d1e41d880b035,746287
additional/textures/card/39/2/character,c4af823a94793fdaf98feaa5665299a63fc8525f08debe8cd5fa5908a8dd84f6,126264
additional/textures/card/39/2/icon,1dd1d8427de2ce8b85fdd8be73b9ad03450b70be0d5906d3b9008aa81d5c8519,45987
additional/textures/card/39/2/myp,4cc08fe53297a9a16a7bab2e971dd8c38a9e25840bd652693ca61d320c6a05e8,318091
additional/textures/card/48/1/card,cf9d087f195cbc585a09d7faeb4a7d693358734a5fc832e0137b9775d397471b,524398
additional/textures/card/48/1/character,5a2e3c42c1115cd1ecb38a2e96c9b5212b07042dc112b8b3dfdb8e6e010e3520,176444
additional/textures/card/48/1/icon,a28f36a6dbeffc96d05b810f73016a4c2959fe698f735e21e20bbb88ac805d1e,47352
additional/textures/card/48/1/myp,701d997254ff451748e3a28ad53198d0f2c56fa2f1e16de7807caeaafb063610,274033
additional/textures/card/48/2/card,dae4479ebd84b1b177d0341a1b5599e1060769703469a8e04e149208ba85bf8b,758587
additional/textures/card/48/2/character,cf529558bff393701454653001c38350152ebede0132e7ebd1d373f0acaad752,196421
additional/textures/card/48/2/icon,f0a62f53b146e1671a8cc6ec476b6ffefd192b3619dcb46fef791aba1f50eff3,54105
additional/textures/card/48/2/myp,b2a3fbf6a8c55cece19cc5adf73b47c2aeeed03b8779de993d93ca6c447bf961,381115
additional/textures/card/50/1/card,66eecb259fd702a32d637e70222ca40817f4fa98144610e6baec92742b576fdd,709902
additional/textures/card/50/1/character,1322913d94fba30d28534cfde3c6a58e8de8cfcb6da13dc50b2a22726562d9e1,89299
additional/textures/card/50/1/icon,bd825d965c1dd28753458f489be9d4e4c6a21831069ee77435ac93bfcab9bd32,46266
additional/textures/card/50/1/myp,60ff8c244635155a35bd6f4e7843876cd944f5c7adb805645d2de8401c6bf6dc,328872
additional/textures/card/50/2/card,2341626f2276edfe65551ea914f85e9ed83feb2fbbf11e7f55d20ae29021aff0,828724
additional/textures/card/50/2/character,b2a71c6bbf48d2d1ded1bf694d7394137ac32f2deada2956f1a7d0afe75dec85,159213
additional/textures/card/50/2/icon,b0321f0434eeb52cebcce8129f225c633e0ba2f46084f48cc0517e7dc9cb624b,44847
additional/textures/card/50/2/myp,588560708751361d91cecaa3d1e671a1d3f34fcb70eb30b36136a680c315f56d,332449
additional/textures/card/52/1/card,52045f51107f61f3ff487b562dff1582a3cfaced8f63766a76a71d134753ccbb,736155
additional/textures/card/52/1/character,3dbb78683d43ae9d45e0e3f63d331392e381685ce71b3f38e8eed09deae97597,144070
additional/textures/card/52/1/icon,29bdc053b50589a82dd5d7a402107501328d2a9f32cbb13c34a3ef1ca7d9d588,45353
additional/textures/card/52/1/myp,dd195285d12af3d4b89878acb6a57550db45daefb8872264e87ddec6fa085688,344473
additional/textures/card/52/2/card,d602428cec51756ea9f7db636b319529ddef55dab2da4404973eb04be0946b2e,871170
additional/textures/card/52/2/character,4784384502d3aa1629606218e0c7e814e38081884e3879e9524939df571b809f,176175
additional/textures/card/52/2/icon,b929e4b1b87d81bd1a8ef18ec1e4eab4445d460e24851702cbba03316f9c7988,51614
additional/textures/card/52/2/myp,a2660b46b80630dd9303b7eaacee5cd1664f1459fb62bda525ccece8f8f9fc8a,383425
additional/textures/card/54/1/card,ce9c2be5a8f1f8b733003b21e6fa47c2c28dcb9352a4d207189f40be27db664f,606377
additional/textures/card/54/1/character,04c1b21d65ce9c29513a208fa288871767b8d01d326bbc87ae711d35988d8e92,73953
additional/textures/card/54/1/icon,de9acec45a3149a168316148372827ea14c41359a9c881595cab21ed1e279c13,45896
additional/textures/card/54/1/myp,59faf3a69f747351c5e41c7523d9dc5c6b08b7ef2bc4084a8c007e967f7ac109,278384
additional/textures/card/54/2/card,77ba33f5c41aea0a07cc1ca20bf445548bf79bbd000ab7c6d422b9c6978190e1,706077
additional/textures/card/54/2/character,28db21e24cd217065be1178f207e8732eb06fe8597338d3929a94bb2528eb9c7,108140
additional/textures/card/54/2/icon,04a3dedce38d8f022d696648633ef8171afb07cb287c22dc71f5876ff34a0654,40982
additional/textures/card/54/2/myp,2b9c3e4535bb588e9e7538d2de55cbe2982abfab555759b74bb3cc6ac6ccfd8f,297343
additional/textures/card/55/1/card,6e509c9e92364acfe51b44aa9d0daf8ef461becb4a65ef61b10b7759fb8a4653,729605
additional/textures/card/55/1/character,cc657ad28d8979d65ec05b3331215d40d9f3593e768ecaca7f4aac5545a97cc4,90440
additional/textures/card/55/1/icon,d8e83f3b6cca85b35f78e9bd9a4d63ce434988c8140aab6bcf9eb02d95be0df1,47024
additional/textures/card/55/1/myp,821b51b87ba9eb384297bd875d3181f1c37a520a3dd4a8aa8338bef1590b291f,341458
additional/textures/card/55/2/card,2ded5e47e4a3b4a820e6889712ba92b151d6ad0ffae84a5affd41477e859dc73,930246
additional/textures/card/55/2/character,841f82e130e15aafb29377b4fb22c6f44694f1a57e9cbaa84acec46ffa5465f1,172032
additional/textures/card/55/2/icon,d02a227a78ffe403e0199c4a3c16771a69749539c15926d38ecbe9298313646b,53823
additional/textures/card/55/2/myp,f4d7a57f1309b60bc67e4f58da4802e3c5c483a75a8ff046df53b0a6ec289667,403053
additional/textures/card/63/1/card,4b97e5cb2f743101c55a73e3628e592178d50cb0a91505b39ac229b95a6558b6,611797
additional/textures/card/63/1/character,7608ca4786456e6b0249ced9675652fc65f5b5136320047d9564fc1a8b8a2faf,203182
additional/textures/card/63/1/icon,418f311a9cbbf0974ab89a4daca9a9099ca62736f4c141ec43ae2d6a5a605477,45031
additional/textures/card/63/1/myp,cb357f20201a758669a164f3de29b4e924bd4c644b16e84bd880e22b3a0640fa,263721
additional/textures/card/63/2/card,72b4c9590c4d52422ea2395c1f8297716ff5f96933e6818fba291a3f48013dbe,729033
additional/textures/card/63/2/character,0062bcdd9571b4d880ea4f7fea2fdf016de745d801da8a89c823d09d7d3ec619,210128
additional/textures/card/63/2/icon,7cfb0ceb38c373faf08b04750af9847cd7f4fab50bd12e9030b7972c770aa1e0,49549
additional/textures/card/63/2/myp,ab9bf5a1537d0cf492814b50005d7c9a8238fff6ab043f556c5ab383cf6d9df5,335220
additional/textures/card/65/1/card,488531571e86381e4de465002b269babec35eeb5bd19a6654f119bfb22e99a2b,642170
additional/textures/card/65/1/character,be35929e5fac0068dc0c1684f9009bfa01d5d5e66e5a0691608b0937d1a0d5fc,122978
additional/textures/card/65/1/icon,f13ad600953af21d24acffd5322f383dee313dfe8f9a91c491b8c39e6127df53,36566
additional/textures/card/65/1/myp,ef2b61b9846ddc3101185f4c5f646539097e3d5e96ff9e5bbd3204944821e5f1,254472
additional/textures/card/65/2/card,866f61356f3a72d5cba4ce9f07a6890949ada7b6512a90bb01fb6d15f3de0a7a,837007
additional/textures/card/65/2/character,1da8ac5dbf1b35aa5ffc39c9bc62906d3e42dca25e4f867b1f32437df51eedfa,156087
additional/textures/card/65/2/icon,4b3d3ca0286dfcc717510bfbd89fcdf3004024359d193148b5e9e0aeacccc002,46022
additional/textures/card/65/2/myp,5035f4350e7a1f3b2618d8827380c6ae851ba8b886184a4b3f5a4088a81b1c1c,365516
additional/textures/card/67/1/card,7cf869e472297393f12d1f7d55b3401410501947336bd9b218da739165a258f8,670172
additional/textures/card/67/1/character,fe54e15c055343880336d4b8fee296fc40d583f6446144effe44ea12693d7543,178501
additional/textures/card/67/1/icon,d5f2c438c58899e46b3624a33ea728bdeadb158dafbb602d4b3bdb8ad32ed3f7,45340
additional/textures/card/67/1/myp,65a2601026f5b75f005cacb7a3422b915ee258326614b654e5b26527da545c10,340394
additional/textures/card/67/2/card,ea45424820711436e8de2d54acefaa52afeb472b751620e6067fc9db493f5d0a,1102686
additional/textures/card/67/2/character,315d622eee30a46017e07754e68719d2216b9668396070550a56d6b6121f7fbd,242570
additional/textures/card/67/2/icon,e9e82e6d0029a1ef4c2d7fc1b65fa4e1342dbece50718ff615ab4eb0795d44b6,55719
additional/textures/card/67/2/myp,171fbabc97d47997af35dd3f9769c7ae12cd9d31352e84155592bf97cda46451,442632
additional/textures/card/69/1/card,2098f2c4d9b440da661555b9dbb774ec9cb7e31eb488f7dd5974b57b3a5208c1,779035
additional/textures/card/69/1/character,c3f07803c9f2556a9ea1b9df364b59ab8ed11656748bf16213dbcb73b647f37a,140090
additional/textures/card/69/1/icon,bd53a0ff9637fcaeaf6475e861fe64f3727e5cbdca75ca87297dd3f272b06762,50708
additional/textures/card/69/1/myp,c71b0f4f8972f221dede2ee4780f7164b2d478a9475650c3181d031dbd3cf6fc,353137
additional/textures/card/69/2/card,26f8c1b8702598b4c33a5561b1616b1af11ff9c00b62f98fb701e7a1c0c07b0d,864152
additional/textures/card/69/2/character,6644bd3b15831e76c628294ee92c95f56e97355924e4bc12d70a6e2011d61e66,138389
additional/textures/card/69/2/icon,d8232ed62d10d903563a42ddfc64fb5954b8588e9ae1932d055a2a597ff818f3,54400
additional/textures/card/69/2/myp,fe7a86655fbb72ca80d48074154b5125e3678b929bfccdbd072842ccb733a364,405970
additional/textures/card/71/1/card,1f780d4a357d7b73cf0e2617074f389908deebe6804e309cdf7fa3ceac8ae9e3,672151
additional/textures/card/71/1/character,e406361254527bf8116d328e05c3c9c6288b6092a24a8fa8e1390c6ca9920986,95434
additional/textures/card/71/1/icon,fac599d027274854f28e58ee935096b6aa55e2dad623d91433942863fc10e95d,50116
additional/textures/card/71/1/myp,482fda9f7e295a58585055bc71a36772fef00becd6388dfe28edb27f41976c21,321898
additional/textures/card/71/2/card,26d58948eea11d21c417c50dceb073b6544f4e48bc70776256a6cc3a56315f61,838073
additional/textures/card/71/2/character,6e8123d9af6c46b14f01f8df3bd6b075ac9f5c29e74edd95fe35db59d981203f,146287
additional/textures/card/71/2/icon,723f1f1ccbcd182a797f5bec7aa2cf57db36b5aac2281d287555333694fc3681,49752
additional/textures/card/71/2/myp,bc5c3a2722991216c1c41066fafe7649b5e72db63d1b6608d685da5d4d46986d,377813
additional/textures/card/73/1/card,8393c971e57359f613ac7748170e1434d3fef66f82fd5a59c2082423745d9b18,769844
additional/textures/card/73/1/character,81bf23c3cdc2a7bd51cad7f1dd316be2a379435f486ed19d4991589e9c935379,113860
additional/textures/card/73/1/icon,ed3072a15b1de5e4340ee763b4b87ca5c1317f522b9fbdc6dbca96d797128007,51551
additional/textures/card/73/1/myp,071b937852d58eb4f13795ef6573faf7d9b5c7301829993a4f0705421823a4bf,353487
additional/textures/card/73/2/card,dcd413708974729b44ca56a8d0f6bcefda8b0462d025a79073419d2d58f65808,899158
additional/textures/card/73/2/character,53f021c8bdf9b9960bf0955223e6558cc4abcce3054c4f0682d1464aede160c1,158478
additional/textures/card/73/2/icon,c82594e00a1dad0d93f3b0e36f2383dbac055ac9e0c86ee956a8fe02584a0fac,53315
additional/textures/card/73/2/myp,3f2a236190834fb3f0bf8bc15690da871e3c1b6490dc234b30474d719800ea36,420400
additional/textures/card/75/1/card,047fa4a9dabfd05fa6c4e7e33c7f91b0f23c0a1eef4f1a7ad61203786b1ebd56,640254
additional/textures/card/75/1/character,d9eda2251b39f7718abf0a4aafdd032c09d1df4203ed463a32067bc2ce19dfcc,99599
additional/textures/card/75/1/icon,7b3a96c31eb3659bffab7fc644f0f685c5a2bb7a1a14f04273ac84274d3213e4,41248
additional/textures/card/75/1/myp,c77c81593e85a3697993935d9e23300283e477c6fd9e8b465eb8d2727fee726a,272217
additional/textures/card/75/2/card,6604bf83951f790e4a86f48ca06dd8a30758ab0b0620a46bae14c90caca4af83,826487
additional/textures/card/75/2/character,d38ad8a1af7c9b6e04026de99cb183046295902f1f7395c32e8c9db84d66f738,144111
additional/textures/card/75/2/icon,10c278910af449c28774f8d4ad1e0f10acc93e74dce992c9914b175f9699fa4e,42981
additional/textures/card/75/2/myp,8393102ef8a4d006559494035f0c9121dc0dbe20d194d81e662bc462ca0d0da6,358724
additional/textures/card/77/1/card,669485aef3ec25dd01cd82f1acb3415e8dc5477820e5d0b34e32155a8688cbec,791268
additional/textures/card/77/1/character,2f73082e98a1a62243241157f56c31570a628d3ec06dab3ab3829f0b7d32b459,145547
additional/textures/card/77/1/icon,80a78cf734d42fea9abdabcd604117fceadde420a0e03560e3454297e6b29911,52720
additional/textures/card/77/1/myp,d3eaffe92f2b866ffb03c446e13ae41df047938819c8e9d43913867f34a9341f,373279
additional/textures/card/77/2/card,ff132334b7ed43a7845a9459a97dc8e6fbd03e36b124f81fb3e898570998e24d,856703
additional/textures/card/77/2/character,7db4cd063c6283f7ff5ab62f4173ad1b8dc2b05e4b5c7687a6f573b36aa85505,202473
additional/textures/card/77/2/icon,c1369f22e61bb9924204223097e3126a6729769e1f5c79e384e17b3941b9f0dc,53922
additional/textures/card/77/2/myp,74da2270003cef719ac32b215782e6899d46eff831eee71eeb4762033df0da7f,384915
additional/textures/card/79/1/card,0ea340c07de9407bb005d4a90b73bb0ac8a5ef1ffcf97067a164160f749bffee,597980
additional/textures/card/79/1/character,c5cff1b01e609800c27418156ce45f47c0bc127cff98a9c1e4659d5480607a60,130232
additional/textures/card/79/1/icon,562282e0ea5645b2add1bab07b6663e6dd114800408ba4a2a24cd7dafb2a3db2,45835
additional/textures/card/79/1/myp,4bf07ba9739759eb1913519a9e9e2b454cbc90dd046d57b3b64e569f104adb28,276466
additional/textures/card/79/2/card,8e7dd235629eaa6ac3e0a7d8c551aa500de1dd31005573095cd122fb8281b084,712048
additional/textures/card/79/2/character,acb7b5c4aa95774066f70b6266f50d63c6b5a1c2a93152292c3169f7fbdbe7a7,128385
additional/textures/card/79/2/icon,12662839f3194a7fffa7dddfc5ca23704d1929f91ed3c4005d90fd06958a4247,47934
additional/textures/card/79/2/myp,cb06c22cfc4b6b0d64f5715d837c3f3b8063b70c5bf18a5c1d6357ce994a2974,325701
additional/textures/card/83/1/card,971eb60a028121c31e27dfe8a0177adff2853faee797bf1b04dbba95d8d33bfe,744458
additional/textures/card/83/1/character,27ba71d1009add7ec7954ec4ec66f27c57b815d209a55e235c446d4ddbccefe5,138074
additional/textures/card/83/1/icon,a8c7017d5b052334070187dd10c9b47452942c54494161c715498e240f4d958c,49117
additional/textures/card/83/1/myp,01cfa09822a9a09c3fcd279c38a5ed95ca17f0f8893d197017cf9dc6f9af1ee7,325236
additional/textures/card/83/2/card,fdb861999feb22b9a2b455780eeacd3aede65f1a3eb01797a75179e466264278,874642
additional/textures/card/83/2/character,1f556fcad3cafc2c2a516c08f96ee768be5205e0471620e522ed127b6121e31a,161854
additional/textures/card/83/2/icon,348f7d20a5401ba50437b44791e9ccf13c3fd223974a5b9ec68a89edb8806709,50690
additional/textures/card/83/2/myp,ccaf4de29d1394cb40992fb9246d2b6a90d3e6cbfbd1c7a56dd9180e83e250d8,402157
additional/textures/card/85/1/card,f028c114502d977296087d105b3e7d9e2f67e9ad7d0d056ee477bfcbdb93de31,806323
additional/textures/card/85/1/character,98bdad04f47f4b191519b0ece3a2986d45ff149cafe6a4ee6dfe7b33a73f9e51,138362
additional/textures/card/85/1/icon,dcf26ee20f8bca12c15b494efec17189160a6ff729d32415d44f708ebcc285ae,47103
additional/textures/card/85/1/myp,6b804e202457f2942d4653e64cf46408cd41fbc4aa4b3c6dcf0fefb8e8c03ff1,343311
additional/textures/card/85/2/card,68b637f3808032bfb71c06f5ad9b8064905129c307b98feeeed2bedb682104f0,862246
additional/textures/card/85/2/character,60a933ce553c02a88a76b7c5f56671d269203f66abb39115e5f1679973ae40b5,151932
additional/textures/card/85/2/icon,9c3d822232b79d3030d0b95873edeede96fcfefb59e5cdf473378c0cfa343f6c,49866
additional/textures/card/85/2/myp,bcf9fc098582c08308497ec229723f9390836654859beca2766c12f30a8403f4,365834
additional/textures/card/87/1/card,3cc30052119c7e30783fc04bf6074ffc205a0b60e21cca22ae18b80f0e82033c,754470
additional/textures/card/87/1/character,3f209b967226c2a09ddadf5812f09d33a6bb0b19322effb7b7de318dfd26f59a,175849
additional/textures/card/87/1/icon,d351609fc386836485d4f3a5986bc8c1bbee70f81601111ad74f9f629061eaf3,49296
additional/textures/card/87/1/myp,506dcfc0873cb7fc886809c3edf7de20805d9eb266d1bf27a716cb9afb2d17bd,357268
additional/textures/card/87/2/card,8f1eb48f24bc1f02635e5d5fb94c206f1be869a8c825b3a6c11f9654d199a563,1051214
additional/textures/card/87/2/character,690321334a02b453de7db968e6896a0eff5a4ebd1af41784917ea4d4a76d0905,222716
additional/textures/card/87/2/icon,281d70652525154715d757ad3a9ad8263e785caed51163d7b8cb22eb35f5b61f,54274
additional/textures/card/87/2/myp,c2925d55f2b73fecbbb9b4fc6c63d79df12b23c5ccd4861bf25ee9f3c257dec8,447172
additional/textures/card/89/1/card,9ed95ccde52cca993f31b5dd740dbd2b50b4d14a6851f65a3cb9ff80f7009b99,754188
additional/textures/card/89/1/character,ac230b0b983fdc06ebf81465cfa0f48bba57da702795bae92329fe670c9dc85b,122396
additional/textures/card/89/1/icon,ce5b5833189dfb02dcf2dad5bbaeeddef82000bae4255ee057c86a2571fae8e1,50286
additional/textures/card/89/1/myp,ca328f80195546fe1b312dc06bdd0a2dcf6d6b5695ae28af62d9d1b6b0997dc8,324023
additional/textures/card/89/2/card,6ce503b6fba478391f39e38ee0a8b9a8828f236b92478339e44a9c56026b03c9,988076
additional/textures/card/89/2/character,a299ce4113548c9b7a28d05e161686ce92dbc18363c6dddb1313c9c7d98281e1,177406
additional/textures/card/89/2/icon,2584be32955fa55dfffd39846adadb716f07afac7c9fffa3645f6fef97e75b58,53330
additional/textures/card/89/2/myp,b4c075feac78a2275b563646510d407896cb401f391e3482c6bfd8ef8af3e721,438360
additional/textures/card/91/1/card,b5b05dc9d54f328c806c4dab50c03a88bcddf34c941defc658752563db6d6eed,690628
additional/textures/card/91/1/character,b1f0172b1df35e9ccf0d60bf002af2ab9dea474b419339e0019290ae530f58bb,102657
additional/textures/card/91/1/icon,a2664c07cc0920eb5277bc7f4dfaba00b4e36cddc78a5b4cbd866b60f7fcafa9,46617
additional/textures/card/91/1/myp,de477b6835bd08529289b95f62d3e508c057e5ee21251357e5af36cead31de24,311896
additional/textures/card/91/2/card,a78ac15b98b0553e023291c451f57cb5d56b6e696f8950ab0b4a37a1add1c534,720788
additional/textures/card/91/2/character,04869dcd9c2a2966d82be5343e363819309572791cff7f352ddff44af4ac4c09,108452
additional/textures/card/91/2/icon,a1a7d0864c1cfa81cc973cf181f57499328b9d352982659816ddceac36e92484,47103
additional/textures/card/91/2/myp,9618a20b675be05e7898e813c7224a0644864ca3a6c8e456ad89d983654df808,316724
additional/textures/card/93/1/card,945cd01f788c3446bf9cdfed78c0c386610717bb05d7150cf02cf73807994d19,599566
additional/textures/card/93/1/character,c702ff0958f95c5b47bc27307db42d158f8346a7230bb54d7fe54c3481449131,89117
additional/textures/card/93/1/icon,fa8905c39a7fd3b1cdf99c95cfd321ce114898d50be8ee03dbd52150f33b98b1,44476
additional/textures/card/93/1/myp,e69a0ea9acadeb7d0825f27ceae6bb1917827c636767d8a892aae962e2448ac1,295739
additional/textures/card/93/2/card,2c6b6d35062b1217e661fc190a08db10c90a5cb3fa9e54af9ffc358f41a3f85c,763443
additional/textures/card/93/2/character,7eab2e246a38f6ef90192969b31fa5d5dc7a164b6fd4d43d88b1e64a72878788,141299
additional/textures/card/93/2/icon,04bd6e51bbe703109c416d0a1228acf1025920f68dec7e92188bf64ef9714204,46204
additional/textures/card/93/2/myp,8b2a6b7b8aad936c8d6b71a051314381534bcbcb12c2b3af537853e161a4ea35,326224
additional/textures/card/95/1/card,c0e22d71712511f7fc740f789ef8a0dd5cd2c5234f2d88ecb46ff325b6062b6c,687054
additional/textures/card/95/1/character,ade82095f4a6666c37b1fee26ae1e9f4809d4d8cd3fe881f5baac02cb3431a36,86033
additional/textures/card/95/1/icon,606a721a1d6737bece350aa83a453689bffad1e85c2f03778ab09e31837ca8e7,46873
additional/textures/card/95/1/myp,3e574d3509beb5f8e434adad39ae532b6afb7e3a8126b9cc82f10a61ab26e713,306217
additional/textures/card/95/2/card,30bb67ed938908897b25e3d1406bb281879ab4983d3c632289871fb655b9f39d,809806
additional/textures/card/95/2/character,c29ac89f301c3e3d19f8044949ef6623ec16776ca5290dae1892165a7fd666f7,120785
additional/textures/card/95/2/icon,82f05cdd3ca30e464a2dcd71cb4ee3099851be98f5a2c3114f8b3828cb243cfa,50375
additional/textures/card/95/2/myp,69ef8c9e4f781e30b5ed9a4cdb3b1facffcab5e1561564fb43c350ac9fcc4a62,369635
additional/textures/card/97/1/card,127c48802ff97c3985c6c5a0d7153760cf2ef3cab2e24cee1dec2436660aa398,767461
additional/textures/card/97/1/character,7343ef23c6974f6425219f484129a041eaca20487386931c1278afd307358480,122051
additional/textures/card/97/1/icon,3f76bd93bd97eab536f8a5739721ebe6a4262d097ade7fdb8078e1ae932f51c8,46683
additional/textures/card/97/1/myp,0d7a391a3ec7ec2da14696922d9ebfda1da9b94d52559da796ae0941241e6c29,346632
additional/textures/card/97/2/card,1125a57730a20813ba773ee38499b9189cd7fa00ed9a4e9af7033ababde63473,879010
additional/textures/card/97/2/character,17e6c374580500d6e2fa9eae708d32dcf15fb2619ca38f9065bcb472e51a33d3,154215
additional/textures/card/97/2/icon,827933f858c1703a953cc495868adaed67cf34829ed4554d443c49307eaf9115,50969
additional/textures/card/97/2/myp,5a0fec6b59e2e39bf4bc3a7f5d3697ff408dd32f287192e72129c3b508b36435,386327
additional/textures/card/99/1/card,ddf71fc3e22a11d1ac9b2e77a5712b2e8edb0e914099e8ecd670e0a64e5cdf0a,947759
additional/textures/card/99/1/character,470a23ee146ec28389f23003097f583832843a5e6ffb7aebd8351ea8dab9fe74,207748
additional/textures/card/99/1/icon,c47d53341568bcae0c6f2cc49dbf83fd98186a8ad99d07ce985cba8b02077dbe,56380
additional/textures/card/99/1/myp,6c38ea9466db9166566f6ade36a42fb80c15b36b2e911df78f4c313d896b6b0a,445529
additional/textures/card/99/2/card,52200e88e5a8a23ae4ddf7c6ac3149a2ade39767e1da664e014f4b58ce60b44a,955652
additional/textures/card/99/2/character,c9f738c80078cd008666783c66c0b16742f5ea8a3707db969bc05955b693fd11,212070
additional/textures/card/99/2/icon,8aa49f7103c110354bb6e383e6d4b3b030baf8289ace1901f4ffc1b81c6801b8,50078
additional/textures/card/99/2/myp,4e1e150b098f68df03c534062f8b0fb73a749fcf33b59c53843a471c5be82767,411970
additional/textures/card/133/1/card,529a3bdbcd4e19be1d864d08257de963fd9f0f6fce110bc95b8cc102b285a8ac,729352
additional/textures/card/133/1/character,2e9ac3f6e641af9f67c38d39b19273f463b9094ff853c0449fa7e817d2b4b21c,90441
additional/textures/card/133/1/icon,532e8ff3cce8d6c67b3bc7ec56e8aacb26fdbe48e86bd9377bb92b45d9caa1c9,46984
additional/textures/card/133/1/myp,ac44e0f86b50a530a91dc64c9917b6732b5414bcd5ca90e1e56afe86a2021e90,341453
additional/textures/card/133/2/card,6eed3d0a074710a00fe8483836104cd1657094a187df16b6d55db63c04c2ec21,930277
additional/textures/card/133/2/character,f1c01362662948f92ab2d8b6564103b2502f399fef1e8b7c938f7ace1844b94a,172052
additional/textures/card/133/2/icon,b1ceabd383976ca3766a2e636667299e08427e4723542a2b7d139b5f975c2ad0,53716
additional/textures/card/133/2/myp,9e1538cdd782a507651acabd8895d85e8a1295787c156e58b959714e1bb09957,402982
additional/textures/card/363/1/card,db7936e45100f66ca66963aa985de46ac5a9b8fc088af081981c1516f6eeb80a,816604
additional/textures/card/363/1/character,5db0cc0af27b9c4488d80c95e8d96a9b3b7470a9a0fd6c9cf2d7f60e07fd5871,181642
additional/textures/card/363/1/icon,84a4bb132d1f55feb12c73baf4975612bd7e5275938a5c4e652dcbfd272640a4,52355
additional/textures/card/363/1/myp,e0eb0920eeec22aa6ce18b535fc8d3cd6332e17678536c534dbf50986b7f4057,383771
additional/textures/card/363/2/card,bca854686b500656f874ae7bcf536b985dadf878aaae2e255238af8c44aa2e9a,994017
additional/textures/card/363/2/character,917e0f2060cde48878baf98441a4117c2869e62dc54d31ccf334165b9dac7fa7,193518
additional/textures/card/363/2/icon,1affc12f6cee8f1a3c5c07ae78414369f455a033aa8a7c51b755cf2243904504,56060
additional/textures/card/363/2/myp,05e0deeb5797954993dd31dbaf05c1edd7ab419c2a5f49179bee28d39707f28c,434517
additional/textures/card/369/1/card,6df1cbc8540fca92064a2c5178f44cc2521b25ec91b940b8fbfdb82036a12ed9,634900
additional/textures/card/369/1/character,9b26948a8613a1ada6f29e971d8fc222fa09c1b1615214b592b9a4adc2d2119b,147319
additional/textures/card/369/1/icon,30ad24cc31d29148032cdaca98f8d182b473744033ec254069765eaf11fe56f6,48976
additional/textures/card/369/1/myp,dc4a706b7d1f978a23fd00632e6125a2a39fbdb7e7195cd155ec458d0bc533e8,311299
additional/textures/card/369/2/card,b0628c04cf9d6713bffa7997cee0198d21c2a292b7e2c40e0ac551ceffea3ff5,904304
additional/textures/card/369/2/character,f274a0d4823e335686053cda3755ab287af137cd59ce1f4f2ac3acb3ebe2ecc2,181905
additional/textures/card/369/2/icon,8df65e255e387ce4fe49b80cb7968e53b4e142795d8fad40e48dad2f2b794958,54230
additional/textures/card/369/2/myp,27bb22ad1e3a607eac7cc925284e32d87833418b9c76e5f28638aa1b9984f450,412688
additional/textures/card/blank/icon,d2937aae862523e4a7e545814fd6c967dd252a37af5a2a2b728538725a582683,19150
additional/textures/enemy/1,bcda9d3a2ecfe145edd1cf57b83d34d3e4bbc79bc53eb09db32da56fc550540d,34772
additional/textures/enemy/2,0cac0e7616735a5c2b2c215690e82cc10370fe0710544d799f3e3c7471f3df55,34779
additional/textures/enemy/3,51cc48281eaf83fcf283e5e1b909bd64a99f076f84b255972d660e47e2523e3c,34745
additional/textures/enemy/4,5e58ff05f3e67e8857512063fc8a34095d9ec017f3c7ae833f75423521716ead,34754
additional/textures/enemy/5,d753db18502fe43cda4d894c0f2db61c704c6600775cb752174b5556825877b8,34776
additional/textures/enemy/6,ea16785b839dcc9fcda7d998cbbb7e626336caac37095edcc195178eb5b9e0f8,34830
additional/textures/gacha/feature_banner_1,5609efb66a278991ecb75557dc77b7b4eef08efc412847b1c0500e42231094fa,341210
additional/textures/gacha/feature_banner_2,36f718c4b58c377e994716fc9e67c70f9189b5d7273bacb58ea9df06c77fb6e7,341440
additional/textures/gacha/feature_banner_3,1f350933b9853286919474ab37e8151f258cd3af6aed3856bf82d879b38d33b0,341237
additional/textures/monster/1/card,fe9aa8901a9d6c95410a4564fb1845a6d06af3e3a2da7aa19e7cf2f598e46878,284593
additional/textures/monster/1/cutin,07cd8d11a9863da7b845fe716ad8fe4991b144acc211b04e9608648cfa904c27,262895
additional/textures/monster/1/icon,a209325b7f46bebacbcca0db0928a99b4ef0104551ac843eb182f62d261e768f,21827
additional/textures/monster/2/card,48860b3e97233a07db895a9fc16ecfdbcec63c7d5487de41f1b793b590cfe63a,284604
additional/textures/monster/2/cutin,46c345a4e221937a99cccb2400e335e7dea431215915e9356d111a929b2c6b67,262707
additional/textures/monster/2/icon,ab8baf897acbcb6f9ca054495fb80091b5ae5c2e7503cc25d51311ed972b4bff,21786
additional/textures/monster/3/card,c2b3874eb4fdeed730aa9053ace01b10fded698b0eee9b2fe397464f08bf2b79,188671
additional/textures/monster/3/cutin,3330ab441a2e12f623d5499d429b5283daf25db7c8f143071adabcb0eb86ef13,149372
additional/textures/monster/3/icon,58881e5574058b45624efaa83210c523e0a2cc94d228066c0a80560b3a80b04a,20101
additional/textures/monster/4/card,ed302004c2554ffe440f8bb7e87fb8b5fb46804d715a97d21c3459b7edfb0038,180089
additional/textures/monster/4/cutin,5899f29061454ed4459ee9e20d1e56037e876feeef9ba83c55f15256e63d40e3,115678
additional/textures/monster/4/icon,0d808ac4a7c03e013faec008a6d6eea4387e924e6af0d80f622eb9f59ed7b159,22072
additional/textures/weapon/1001,652f93b3cd736eb63d181f86f573a8cda0d2e857b666bd2bc5707b7facf96571,8977
additional/textures/weapon/2001,b9d80b7ae5716da5d9bd02aa13745dc4c3399d465f80669fbd839bad26d8ffda,9635
additional/textures/weapon/3001,3c6210c440993322e99f6660c5af738b542981771af3775a91856316b07cc5b9,9562
additional/textures/weapon/4001,274b49292f86d837a2badd316e8a2f4f04e10a0e0218636ed4744c88b2682ab5,9226
additional/textures/weapon/5001,753b05f5baa05b40b2d7637c1a4ee46ea766dfd51e1fba1b2a7dd7b127544196,9430
additional/textures/weapon/blank,ad1084cdd30b5f34c314e2bab9ed5a3eccc01d9f15ffc789ccb07a15a1e03b2c,6942
initial/audio/bgm/boss_battle_1,e65fd77f899b0e30f9031beacd985ea0a33efa7a5f4791f16dde0f8192f46b2b,2323559
initial/audio/bgm/gacha_anim,a9f6675e5689e76b4b326739d9b9944e015ee467323c778945c520c0f0147b9f,537842
initial/audio/bgm/quest_1,0ca67faf7596453eee36f4737cb971723a988e8da28633f003cd7deb517866a6,6198317
initial/audio/bgm/quest_2,d114585768c3d1f256ecc4d72d36818cb4bb9100d59a2103ea59f0883d6e65c1,5113324
initial/audio/se/failed,0858e1b75b812883e7ffbd81a42610b9f35dc798612cdaeffe4b71294f0245d8,30741
initial/audio/se/gacha_anim_appear,63ce4f46ca226f2f89c5cef897b433e9539c45a16bf51d343620b00ea29b2a77,64187
initial/audio/se/gacha_anim_charge,a81421f6c4f5f9baa0b1dc6981dece66d75137aee4030eb00259d15d9cb72b66,80123
initial/audio/se/gacha_anim_explosion,a0f3f6c5bb9f7ea0f7b70973f18af569621223070f629be477e1bce921f65ed2,241230
initial/audio/se/gacha_anim_open,58c8f2280159b42760bc04cb062d845b972b3d831eb5a36a52160f39cebf14d1,133805
initial/audio/se/gacha_anim_sr_get,776d761830ecd60e877e67d6f5ca1b0ea94837ccae260d6ced4241c8636f84e7,419110
initial/audio/se/gacha_anim_start_n,7eafb0fc4c2c4bc4ca5d08f653f9cd85005d3a1d021411f45e1d4f8517bd39d3,172368
initial/audio/se/gacha_anim_start_sr,63aa7c1182e8532ac71bf983433622bb0d04ae1ae55f7bd53d6156ba0859f248,208919
initial/audio/se/gacha_anim_touch,9af9e98e4c98d2efa485679eb099b107c8374297cbc1ebcb50f4c578eb3d5cc0,124369
initial/audio/se/gacha_anim_whiteout,7d1131e4cf4c3437288d2de93904a52283779886ef6fda9914c7c03f8583f079,91436
initial/audio/se/job_release,4937c2a4f7cf3175de2dc7f91d0ca217f0eb9cd18d5d15325ebb951cbf1cfdc5,131353
initial/audio/se/level_up,94d5a7ca405d61a91dc9ca581b390ef0ef69cbd48ab9c071d329a22e69bd8e80,157913
initial/audio/se/navi_1,854c39be27ee1fb56312f8b5be9acb42bdc49c7bc1e0060592f0c8080c842f03,8118
initial/audio/se/navi_2,2123ddfdc9b63497538db9bdee89f1e76915b2d6b5e9c4caca03dd4c703ac95e,62727
initial/audio/se/notice,c3166d3fae57feb411c33d4f57b8da59212b95c5aca98a09820a2e222d87fa6e,33472
initial/audio/se/page_hide,ec6af39593730a504826ff8b2818e679996eb5dd0d0cf3098e64a9c8bd3ab328,11350
initial/audio/se/page_show,c9602917f77845dd05274118c0d728d16f924cd3d85725854cdbd31b5bba88d6,12361
initial/audio/se/pop_hide,5c66be9913f9bd2ce9d1452115b6d81aa73d1cd4651bc048cd610a414ec20fc8,13309
initial/audio/se/pop_show,a7956867f04933beb1407026ed1731fb149be14dbf3ac2f71de33d5c09af3012,15328
initial/audio/se/select,91044e80d8d0246487d1e0f6002337257b7507c4982861a0070f97640f7a552c,22039
initial/audio/se/shiny,d7ee32f20d2bccf9012cfea62794cb4ffc534fd934a279683fa6952b4d7c92f3,167035
initial/audio/se/status_detail,cfa8ab9ba339b6ccf7c5a728c12a2330daa4d93e09002670aa13437fca56fd0e,17790
initial/audio/se/timebonus,c66cac0440dfe9b6ff60e564d719e53c1e192e75744f600ae223f095afbff391,69463
initial/components/card_limit_break,4b2df9e342dc542c55ba4193ad6e1573bce3ceb0ef7af00eb1440bba8af75b67,127572
initial/components/detail,a4e9686c6228fbc128de5a38de3f82b0d0c393d5cb9ae9125cace98209e521ee,553721
initial/components/job_release_anim,4f75dac803bc729382131cdd5a673773608ff1068b5fb1d9182e21639c5f79fe,27589
initial/components/list_item,0c0e72f006b3210e97209fbee3b3ffdf015fa9d2abca55b7c56daa60e9af1a60,278424
initial/components/login_bonus,ddb5e749227e4ed8f5876e00e14e7862d20f97f520f3c86a26ce142edc6a6245,726463
initial/components/pagecontent,fd221a9860a5c7f5a999b9530cc97da92419cc65d6390ec6829b846ed324da87,61580
initial/components/player_select,9ad394a84c04f9db1380d41ff73fa989b9cec7c704cbe30aec651866201b34a2,581497
initial/components/pop_ability_detail,ca98dc79d52140f77262278a5a140f6b45a5961fee3c0006a6a87f7579439699,7814
initial/components/pop_battle_menu,08d995b5e476613726a547f5fc442e10f375696c22655bc475b6d0219261051d,361503
initial/components/pop_buy_confirm,97e84e90d1f5794cef877ba6f6dc7ad76a867bd28645468d8796f58efd24ceec,16721
initial/components/pop_element,ccb24d07b208e26fd681314b483bc021adce2360d898779dcdcbbf6aae9caab0,10659
initial/components/pop_ex_ability,2cff1824f1f72ade73a95b81a82202e7912f154ce57e566e6d7bc97ef98993de,16055
initial/components/pop_exchange,f6360afe8c92a2290f47740c74c63a7cf287421a9b95f7d50733fcb7718dc30c,11693
initial/components/pop_gacha_lineup,dccb048766f56a1fafcb298a6090358138b832bbc4d7aae2adbe68d9bc795e21,16185
initial/components/pop_item_detail,b54a213acf72d8fe9b024ffd2cfbbc33649f1778e02c456b039aadcce0e7b301,3264
initial/components/pop_item_how_to_get,49184c66fe5551a6ac2f0d25697e9b0ba9969d670fd38724f958c51b71ee282a,8694
initial/components/pop_item_use,b9973980a99e47b8d7a8f0f37a08de1c15aac5ce77bfe7237ac2b2df223a8892,7629
initial/components/pop_job_bonus,ab672a74bbdefd6593260cb082b4186bbee14a60863eeed2601a93be68deae46,21673
initial/components/pop_job_change,bf02ce5323d1dabc618888f798521991faa8087d99f0b974287bc80a9a4e0a90,301247
initial/components/pop_job_release,a4f124c7f220669759671580f342a9c2faa788b7ac383db39cdfd39add43767e,11729
initial/components/pop_law,d545c1a271ec59128fac577c51ec8f3bc80e006357122b7d77793bdb820b8b9e,8441
initial/components/pop_limit_break,d1612a34d253d29c00bb69d1c9bb910ec46a0b5615ad259f7020a728f415f3c7,31472
initial/components/pop_multi_monster_select,e08423b741eef23c7d04b32ac5f3ecbad57a5053699fcafad323ec131892af48,16633
initial/components/pop_player_search,564b12869479bd5bb7419c09e074462deb10bd8f8099ed545d4d64c9f589e83f,35242
initial/components/pop_profile_greeting_edit,f1979864479c05e6a12f49ec6622ee96a49d7f1f8c645c66f4d903df294885a6,6856
initial/components/pop_profile_name_edit,a7c7e509ec9a9558b7d19e6bab75521c58a2220730444a0ea54d5d4b73b42696,29696
initial/components/pop_receive,4974a4ed28799e17bde0c04997e8c57656204888584735d8cd0048053be37b04,10146
initial/components/pop_same_secret_list,a6dc15544cf85b9a7937480741c350c769c07a6a943579fb1cb9d8420daef9ba,269862
initial/components/pop_sample_card,bd745183b08d07b28faac93b241eccf7c8c0db548351f6a008ee24f7fa06988f,183009
initial/components/pop_sample_monster,4aa45f0948c69347219908dfb138d942819b2f3e8ca541c0554b7d9bb322ea05,202537
initial/components/pop_sample_weapon,20d1c09ec6dafe2e105124e4411f68c0d4e12187dfb59ab2960abb427e12dded,142176
initial/components/pop_search,0df701ae2616348d7d1ee50d4bb80786655ff05fa83e3e9c13ca17c933b3590e,138599
initial/components/pop_secret_info,938cd0722a0a74caaf0fe76436164b718b8faa9ae62289341db02e5646540868,266008
initial/components/pop_sort,3c59e64ca4d88815f6cc491a55a70c2fbbd713380d765078a56ba11000f649d4,58506
initial/components/pop_special_up,8ea73a25169b152be71b94faf37cb069f42d039ea57491838401aa67eb92ce1b,17127
initial/components/pop_treasure_secret_select,62d88ad1f953eec67254dd78e541a0d8d4bb7205b99e1e3233a91e3929106b05,270179
initial/components/ranking,0b9ecbb64f8229dc66f141c3757ba3ee14de25a7373dffee7d8e62d8b940f052,22542
initial/components/ranking_list,555cc8611d08b83584880920460ef78c874a781448ed5e7fcf17b2c6ac53a6df,645568
initial/components/search_result,e3704c141daff67601d483cb87aad54f2b1ce9ecf6a7a03b59c57c8d6ddfe4e1,361804
initial/components/tips,319e3d263323aaf0ab53fa7958f2abf181d554a290a531e93a36225703a991f1,24931
initial/components/treasure_detail,f2fdf8cd679ce17d9b4a13bf8dc62a4c640d662826a4f666838c9b3e17ca6c73,176620
initial/components/treasure_list,2613b970695505960792470de825035252861fd87ed551810cb729ad477f92b3,729869
initial/components/tutorial,924dee5d2ed13efd62c9420ccf127730ad8b45cc7dfefb4841a45fb0ccde7190,4583395
initial/components/user_profile,3c3588557025d40b52f48ed1a226805f462e7db265c191eaa2761b16a551cdbe,122351
initial/effects/eff_failed,af6c2ad4820c25ec8ab035a48cd953997585adfbfce014698ae9136c1dd40842,45620
initial/effects/eff_flash,b101d686c3de376e74775e439ec3b480f376aa34cd1c5e34d27aea06d041a54f,59322
initial/effects/eff_level_up,e94a9f2a8e05b74333f102e1ce11829adc93cd5705fb758852e522844e4e6ef7,76843
initial/effects/eff_limit_break_star,a9b7f6e8c132f130f1c6757e99b5a272d0119f258714f6907b7db5cc350691ed,35685
initial/font/sourcehansans-heavy-sdf,ff9eb6d91c6b98d73c87a2056342d4dc35c593f0aca52203c768ebcf99f04efa,1380942
initial/font/sourcehansans-heavy-sdf_monster_cutin,8cab95d8db9bbf260d99ce18afae9361b1a9a135c52a5f8edc46016ea41d1b46,23303
initial/font/yozrspro sdf,3c02e43f15aeae3576a93b6e85909f004deb4e6fb1bd48929ea6ce1690682019,39933
initial/fonts/sourcehansans,624e90914aa15e218277f262a0cf8930d5ea12c9f65ea1bb607a798146299bb6,12429026
initial/fonts/yozrspro,eeae301b65f0ebcc23e5b4db32c6d945c82a33ed4b922062de50eabc11ab6102,4545602
initial/master/battle/buff,dd420f520323a3e21ecd1b8dcf42634b7e4be67ff870bc41aeeab3d6e995c488,1342
initial/master/battle/info,26380e1e2836967ba8f4ca72435b0d9622532a30a17cbdb714776e71b45a5b28,1608
initial/master/card/card,278aae82d137e32fc1368c7dabf4201cffbd41738dee498273f8a1154b2c518e,1639
initial/master/card/leader_skill,7ffc3e8ac049f503f6845c0b5f0f6c57784c7dca514bfbdb4e01f7598019efc4,1391
initial/master/card/level,35216566bd675091f5cd8ec43dd0dcc1100642bd2157831cd24ff1ada6e84c67,1675
initial/master/card/special_skill,eea2010690bcf89ce7753d23efeac3fe195c9f782e9e91840e200599df9206d7,1546
initial/master/card/special_skill_level,1c9d3d61fc2bb9147cb325e815c5f6a9817b54c914bebb964b93a085a9058b59,1323
initial/master/constant,1b6ac24ca8682ac51aa65a1123eafad6e428232463b340ca2352e9498f2cfeeb,1407
initial/master/enemy/enemy,4a37330084704d3108c13e980d4ef6d0f68290f5a30c028c4b16fdd52546cb98,1351
initial/master/event/event,cb1342f97a803003510c832b5c698ba0d5cbd429f90b042cb0c895aa29767e33,1369
initial/master/exchange/item,a659f7d88abf1ce3fff5c925296eda305109c632515aee0528a611a500ac8eac,1338
initial/master/exchange/treasure,6f4ceb3a807c20643101f0091622f7fe3f82843919ba1a2db63487805211cb35,1395
initial/master/exchange/weapon,54e66a0780da7a1ff60ea248b2c80433f50c55ba799d01e34561e1c62fb7f969,1312
initial/master/gacha/campaign,07d9fee820805ad1c9b08ccd3395f10587de8cf79a7ebe76a7590d0d21fe95c7,1293
initial/master/gacha/character/1,635ac727610e9dfe9dce5c2600fc4eb4634ac541c215486bc3bf828ed4fb89f2,1247
initial/master/gacha/character/10001,1175aecfabc1b04b4008d1c6784eb051fad88f90b9c41072095bade298173173,1274
initial/master/gacha/gacha,95e1955054d655ec106966d25534b6b8ca1f1ea13c2fd51a1f26324c4209c731,1325
initial/master/gacha/lineup/10001,ea025d95868682deffc8dd170a56c6b94537b78ccd3721b3a29097cf9feea482,1274
initial/master/gacha/weapon/20001,4b9e81f037f899a0be00d0297d28f530020badf6dda9efb8cc69bd26fe0a4500,1237
initial/master/gold,1962ac302a23c07fb6035bebd25360487cccdc9facfed5bc8461c938194e1736,1269
initial/master/item,7108c48e4ceba6d4fdabdbfa8538f7c9e3adc4f94fd3ec7536aa0af7791bccf5,3400
initial/master/job/ability,65ff2ba07e4d5cb5ed7ce8063ecbb723bbfe58cea616ca6b8e5741e16630481e,1593
initial/master/job/job,10b0d10d9b1986768479f809fdea3575fdcb9a78e81c32324321ee6f5018ff83,1363
initial/master/job/level,d2a6c2dfb680a8d81545bf4dcf425b96c1ff1a6e60302cebfac1f334c00575c0,1326
initial/master/limit_break,402922013eda5973a7f510718371e74bcb0f02fffd57aaed95e1fe4b1df0d65a,1285
initial/master/login_bonus,386e96b176e8493129d40cd7e2691c4bffd15a9f8e19a8d78c7e4d1cb349d0cb,1432
initial/master/mission/category,ab391e2bae9968907b5088548122b3eec61a0d1a4bc462ff4519768c231f9fb6,1318
initial/master/mission/mission,705a88c71f637078ef25dce70dbecd2756f93a0fe32d2e78394b6387f8f5ea44,1439
initial/master/mission/type,c988d34794200c67fba27b699de5b162aeb93f382fd4b79ad672536395336181,1657
initial/master/monster/level,377c0f3be589e8ff3b109311c0a6ce98627d247d7971fb6646a7feb927a76c56,1701
initial/master/monster/main_skill,34ac51f4137dd0d155117b05c710d9301b8931aeaecfabc2e824e7fd73168fda,1388
initial/master/monster/monster,3093ff4a9cc55b8fc39ea466eb7ddd22b43ca70b8026289a50c81ca598514829,1441
initial/master/monster/special_skill,6e6abc80c6774dda94ad1a1a8a78986b269e4fddb8081ed701d170dcc7d481bc,1476
initial/master/monster/special_skill_level,284f889503156df218ea2916bcccf60372db7569921f8828700bfbe6871c0257,1307
initial/master/multi/multi,a857119f8ac8be21e5a9bc4087930b31a5ed931e38a8489967dcb796621f1b86,1442
initial/master/present/message,c4e75f2bebff1de46a23fda3fb18bd2fef8ebeee4f3758404e36f307f885b635,1333
initial/master/quest/1001/1/enemy,78b0529d245645631a52a0d5a7c47825ee09ba361420c1576ae86b3c37b7589f,1429
initial/master/quest/1001/1/treasure,b52a0d94cc592d346e283fe58b780a71a399d2a28422ef44f6fe59658cd69f38,1331
initial/master/quest/1001/2/enemy,28e0aa7677bf6a590ad47a788c28bb7147b191aef884dbb5c070b85ea9f91889,1425
initial/master/quest/1001/2/treasure,d25269e0b4008fd1af6f39d98a0a71be1e805a86fcefac92055805ace8c3de39,1340
initial/master/quest/1001/area,6c2e76d1a47f609cc28eee35c97e696bc1765f6217885ca384c7deebb7962ef1,1409
initial/master/quest/1002/1/enemy,060285f1830f840bf839ccd2eace1d96a6840b12c1a8565099f7e7154577e641,1426
initial/master/quest/1002/1/treasure,b3dcdd247606c1ed03f74c1c055e2824c22354d82897e474059ea5b2515422ab,1340
initial/master/quest/1002/area,a067f986265bfe7bff9677a5ce14c47a7d089a04ef5757a43585ca33afb28db7,1363
initial/master/quest/2001/1/enemy,61f0abfc17e96fa0661f47d80a994fd2315a3b39003dac11f1803858da3efd8b,1431
initial/master/quest/2001/1/treasure,7a5680992fe271302af265cf58164d5efa1bbeac38f4a9212809cf62bd1a6801,1326
initial/master/quest/2001/area,9df27203892329546367f6ff412917447aabe0b28b3886b996004d2d1f7f285e,1356
initial/master/quest/2002/1/enemy,0b2fb73a6c2e3af7b967b333f5b70e554800856e568f0dfdab780147b0a95234,1428
initial/master/quest/2002/1/treasure,e0c256db394bf64b968a7bc2f1ffbeb73f24b8be95f4879b21fe56624c7c6c19,1346
initial/master/quest/2002/area,71ee500cabf6b219c2b249f23f09761ca95674f7bb1376e9811ac2e2d4a18e13,1353
initial/master/quest/2003/1/enemy,ae6dc87828eefc26b765b335acc5c47d1a5287509e3a984b058166d551b38fe1,1431
initial/master/quest/2003/1/treasure,6ba99173adc0101b8bf5fdefea0a2e1e67629611cd19f08edc8edb1e6fb4fae1,1326
initial/master/quest/2003/area,5b910f1cbd985e7406e1f926f9a15e6e3dfe95f9de29d1a9f38a3f9bb56e9ef3,1352
initial/master/quest/2004/1/enemy,00ac0b9488a7aca525fc87ef7a3433457c42dcbff3dff10ba204b8d0b8ee0957,1426
initial/master/quest/2004/1/treasure,5b4d9d839a56a2453b2e722de9d914bc24547895c5f800f2d87795466140d787,1326
initial/master/quest/2004/area,b1a9bbc5f98eba9129a821865a2fdc160b4314f57e98982fd81ed912654ac9f5,1356
initial/master/quest/2005/1/enemy,86933b0372027de447410e688b8971d80d5c2e6a0ba33f9390a0415662b0de7b,1431
initial/master/quest/2005/1/treasure,dbc630987a768f8df2de27e2ae416b7e416230d3242875e4c794acea465cccc0,1347
initial/master/quest/2005/area,976ac478f8b71b7430b780c3408891ead55c0f600d6f377591c27c8d98eff827,1353
initial/master/quest/2006/1/enemy,de59d4fe03a2a8bc801a686d4a85f1f2dcad7344f9490889eaefe8f550c0bb2c,1432
initial/master/quest/2006/1/treasure,93403b51cfba93dd337b8602d9f0b61d2ab05bad6ac91281a17efdfa94eb8a07,1346
initial/master/quest/2006/area,bc5a826ac52837a0e0f212188332209a65c8392adca7e54e50fe08f098ae7165,1357
initial/master/quest/2007/1/enemy,6b48de26029800f9cf084b4b7002ba4d91ac3c589b0b52ab33c24efc0193b954,1429
initial/master/quest/2007/1/treasure,70f05a3ebe3d0af31fff59686fd040e2d4d8441ca55da813ad8d2539cb5d5a1c,1348
initial/master/quest/2007/area,9b5caf52724e15843716eea0a6a4938937133c3af10cacdcad93f5dfe0485526,1353
initial/master/quest/3001/1/enemy,6197e2a25b1633bbb49485d46f87778cfa3c3c2195749a97509e02992d5351a4,1427
initial/master/quest/3001/1/treasure,3ecc8e3a6f10c17bb47c75ef21a86bcce975c837141e1a57298f4d2b990a87ef,1319
initial/master/quest/3001/area,12918c9d5fa46819e1ef0950b5478ebe94db548a392b789f93d17c8334002e3d,1367
initial/master/quest/9999/1/enemy,24d02da88864233c2d2e0408c162e1d91807d7de8640c8b0e5b7107551df9d7a,1445
initial/master/quest/9999/area,38076aaacfaedafa77fc159beaf6b3f56a47059232e3b52ab84be1875c3d610c,1361
initial/master/quest/merchant,1d3c51e3ab038345023e7326d2e9d0c4b1868021e7faee4bbe32c61059e05bf6,1291
initial/master/quest/quest,4c88a9b1ded4a7da2ec447f569ae2d3d6f923362f3d6749ed163394455ec8fda,1693
initial/master/quest/search_difficulty,c9a9dd26ffef4788bc9dbc30aa00d136fad120fafe3a0db06657c4c74580922f,1342
initial/master/shop/shop,8695b5f8345804617914007edaf81d912f6212621aa7546d6a3e944fa651988a,1963
initial/master/time_bonus,295f579e1ab9f4a45cb11a492e94a81abcc487d009c5326d78071ba629003310,1265
initial/master/tips,a8ae27b912423aaf6f7f83a6f8fc748d7e02f5a04990f7c4b8c2bf1686cb27f2,1229
initial/master/tutorial,271dceb2773efa763f9f5120b21d2d3c79adf9a1e0ab69d8d82ff770c57f0c8d,3864
initial/master/user/level,0c441f98a62060da623980763ea95b98963b8631eb21d86c3f12affaa6bf1edb,1691
initial/master/weapon/level,c9bc9c67c3754dcaab9901dd5126b3754fe87b84cbf2b42c9aab60c90fbe408c,1672
initial/master/weapon/skill,c8b75febb853767121244f86fd2fbf5daa3aa906eca991ea1639986233e62849,1401
initial/master/weapon/skill_level,017a344922cd815838c8c559dc56b0c7d0251f9f0fe6bc6ba1c8be36af64b7b9,1322
initial/master/weapon/weapon,05b16ad8887ee10a8ba6e83caed36d591dafc41c6280311f8aa98dc2b69467e6,1424
initial/page/battle/battle_effect/eff_1001,e4a6bd1c20e1b2f09c753def78bc5137de600a7c46593e49d73ad003c559d528,121795
initial/page/battle/battle_effect/eff_1002,caec8d0b8880f8c5ef39cbd0314fddc092c3e475c3020ed3abb3b86060a81f7c,145925
initial/page/battle/battle_effect/eff_1003,f295df3a5a728f40940af7a47c8c1277098474cbfe9547da4de9d46417893702,119723
initial/page/battle/battle_effect/eff_2001,ab81728ac777eba0cb2349055c524a8736ffe30b7bcad5cf0f175cd2bca9620b,21207
initial/page/battle/effect/aura_overheat,5bf93d34d8f6ff85c022808be1b9e67ae6535793581a2f98be2529bf073acb3e,20974
initial/page/battle/effect/boss_encount,baf01389d077708f3f07573abbc2433a8da058d8cbb22706693eafd69bb0c207,516660
initial/page/battle/effect/congratulations,906f0cf4292c71bf30cf8ea034bd993809d4e8cfd427a1ca778dfc8c6d218654,45167
initial/page/battle/effect/damage,abe81ea51cc71cf094902e8c30c1292eee7e2597e856b11f94921e36d6bc9215,109420
initial/page/battle/effect/eff_attack_enemy_1,1dc94094161b40699f2bda97f216fd2bc7a8c3a6bbae3b5c2758b6370a4e5ee4,74629
initial/page/battle/effect/eff_attack_enemy_2,ed62c4999d3e3b6dc57d087bb4091384650060a04facd97dd067ab43d8d3843d,135012
initial/page/battle/effect/eff_attack_enemy_3,552dbbff0e4e39d4ef7ab3c21932e1fbbf6407445aab2cd0333300fd486f25c2,32219
initial/page/battle/effect/eff_break,58567d83621ca2022514e1849f319cb178a793f04955da167a64d7ae95f155c0,68090
initial/page/battle/effect/eff_gold_get,09cec80500f7d8dd54f55798ce0e20641afa0ab3b9b202e02a77c19bd4826ac2,583118
initial/page/battle/effect/eff_overheat,012f2f3c7f69f9d53742b4f9b0629f2b7afe1e5e442b9ce087ef7628374dfff7,40455
initial/page/battle/effect/eff_soul,f26014677890bc74c6a85ed87209c6cb261235621292f0e7db5feed5667cf741,178540
initial/page/battle/effect/eff_soul_impact,08238961907e96737a6e16198220295178a76659075c464a1ab228a249db2f61,53123
initial/page/battle/effect/eff_stone_get,f2c1ac2d2c24547b08f756092408242b4937267b7d4f22c3342d31aba901b339,101083
initial/page/battle/effect/game_over,5d55d5706401212fa04a7d02da366915ef0f5c355bd81fb7cd5554ff8032f2a7,33849
initial/page/battle/effect/magic_square,b389d15f8bbf1bfa2b78894b2e54530631a12cdb073e995c7901fc7f4588d33d,5012976
initial/page/battle/effect/planet_move,0e5e8e680d7b4854749cdf8c607d255b4fd3cc35ee6bf70a2aaa0a73c7d08be1,9327
initial/page/battle/effect/quest_clear_prologue,f1aa552cccc948fc9d73bbaa4051116ab2321b4b40cb34798a35751ccd1757d3,268575
initial/page/battle/effect/quest_title,2cf4bd6e945e33d07874c047dce140d97d2cb3fe6e878ea0732e262b0a215fa5,8214
initial/page/battle/effect/ultimate_attack_effect,2c29fb51134630891d00de567320a1982d2d32f33ad90c85e849c2791ba6da8d,7305371
initial/page/battle/enemy_special_effect/1,a8ba8598387db7f78113ccfceefc3a44953268c11df4113fa0f1775bdd7b6f5d,100002
initial/page/battle/mystery_event/ad,a858b3e9f3cfbdcb920077bb5ce6dcba57a120e01bb92ae6a237562b9f83e7c3,55402
initial/page/battle/mystery_event/merchant,e64fc81f3f9b43e56863d841402bf7fad4d5905f25b2cb6e18dc6c810708d251,240000
initial/page/battle/mystery_event/treasure,dc5efce13a56969f0951aec17c9c56544d3970446a275b1ae5e92071b6bf3f3d,3402507
initial/page/battle/special_effect/1,1b736048f774df4b3f367964420a1a146dce684f3c30f09250d4d9aa24e5622d,7735880
initial/page/battle/special_effect/2,c467572efaba12ec68ea1955b1cf76ad26938318d3c4b0310853d84ac39814d8,2853209
initial/page/battle/special_effect/3,cbb70b163f66995d1049a146f3a7c0c928a13781bc68fc4d078a4cb1b25d2cc9,3311290
initial/page/battle/special_effect/4,55967051fb55c7334b40fa69fd070f842f8468f3778e4db7f29a3f0a15dc8701,4137843
initial/page/battle/special_effect/5,d5e7c8b0f9ff3bb7a8ffa4efb06ba55268ac3febbf77d40aa31bdc1c0ff48c7c,2599482
initial/page/battle/special_effect/6,4378b929730d026e7f34476b206186362dae688d52e7c85c79fcd8c271726378,2266474
initial/page/book/index,07100e2e40a866791e6c4801c63200f7bb8676e0f82b63296e0c1f9700452025,40846
initial/page/exchange/index,51c12b9f10cfaf7f4a74ed9c603acd8a63f0b5922041448019b5177e463dbc96,312524
initial/page/exchange/item,e4ac9244d4f857d7c7c0f2f7988477d108d020eb187e9e1793f3daa0eb6386c8,76094
initial/page/exchange/treasure,8a8f220ea97b53c1ee0157997f3d18acb04590a2fe354ab42d8ebd1846c82799,76121
initial/page/exchange/weapon,afa3cff1fb101d7d164be5d48ced1b92debc0ead120eafa4b9fc720bebad11dc,1732
initial/page/gacha/animation,b0b13c136c24e21c90456ec9466106a79d00cdcf600871df5549eb6fe9c0b3da,5163120
initial/page/gacha/index,044a26abfa97d54f7376daaa1078a27d557a04817078a79deb293ca806db7e31,174097
initial/page/gacha/textures_text,5df9b4de9dae1137a5f6b50a00e97d8568709d6bb066385c64fba5cb4415ce86,200431
initial/page/help/index,8f2e294cdcc5729f8311e2890870d5a8c1b466b4f3bf5709a06620bd954e6951,13277
initial/page/help/popup/about_game,9e818d468ed9f980af03bce82572a2f9bda64c3681603394dbd1db7989b5731b,7839
initial/page/help/popup/character,885c784f1e84a331b4a29c1384482191e082348e1714daf9f607ff4e3548217d,7847
initial/page/help/popup/monster,783ad7e13e0b33cb51b61288c59eb39dd3c6cc1154d7cf8913c0ced012fea667,7813
initial/page/help/popup/party,f12d1c4ed59baef7ee2ec1e3596493454404ac55ceae7d814336bcf3b8f863c3,7800
initial/page/help/popup/weapon,e70700d8de6f26ca98201906ed4d6093d745866e9e4120bdf30cd9ac7ca636b9,7893
initial/page/info/index,87240667b2949abc7f76b9c664a62c9c1ecdcc09d940911884dce809cd4daa9c,1327
initial/page/item/index,ff26ca328ff976ea4c4ded0071ea2be35c5a9c06ce62175a175b7c9621b95e22,18098
initial/page/list/index,f4a301747660b9e9d40f4c239065d8a198db1353e5d99803774462ec6be5f1d0,76703
initial/page/main/index,df93c00f0e66323a27f12e78b0885334b4c9a900b95b503ce36fe0a688db5355,2953497
initial/page/menu/index,cb97350b9f4c978ba085af2ee42dff16c3975062efacbbfae64285b271802a70,60304
initial/page/mission/index,47353fbd2a0b4cf656d0fcaaa6937af6eab5ea91e54c5585f8aba38f52ef29ae,372634
initial/page/multi/eff_multi_start,8d69fa7ce2d5fefe8579d8ebdaa03791d4f49a37d28c4bf15b3ed3bd733918fb,325799
initial/page/multi/index,3a47a8dd2e1368919192bb99decb2f6ca478beac208ca915e0b4192aecb61ab8,919852
initial/page/multi/result,d0571a40bede7466350f43a25f80c1762e537aef0f81497c7e397867a5c0635b,456666
initial/page/party/index,de5f24cb5b3a5c5ddfdb293413af46e04ec4441977c52035839c9eac84f281b7,333566
initial/page/party/list,55cb597240c4fe3b9f0fc81e4a6969c7de8083ed2c29a64219bbe303b5acdc99,22975
initial/page/present/index,dd4d899f18c978961c86df698765cb82789181c4ae780d21a659720dfa747c58,309144
initial/page/profile/index,6afec6d00d1705432df2a0c08ca46bd5b04ce52221d72d7eb5647c8e0f11a198,1719
initial/page/prologue/index,8c01df5a379cc34115e0ecfaf114d2230110c13dd8c7e4922dc1b7accca069a6,4087
initial/page/setting/index,292ee219def15b2a5d0d705f369a90507f35814f3663e33da1b39eca92818f47,54479
initial/page/shop/index,791d8635168b523a95175b6c6cdd897457a263a98bc3fe51e041c41f4c996354,105118
initial/page/stage/area,e7eda1a5d193aad48a8fca92da93d4f7a65b6031e58b5ed72c84001f2f9529cc,36976
initial/page/stage/index,c034151363ed8db6e018c16bce04d6348b1b4c78fe251d0874f2a4518fafc374,55490
initial/textures/ability/1001,165b7bbd67369c4d91a0292fe997f39990735a27b4d663fbd4112e085ecaf2b5,9233
initial/textures/ability/1002,c9348323c2ef10065f69cd78f059d25962ff969862e3e7a26e7824275039e8fb,9441
initial/textures/ability/1003,baf8494d5ca7ec47b9448f02ad2bab52b1efdae89412f3d6dbbf95081c7ddad8,9125
initial/textures/ability/1004,daf3052ce9865154bda17f5834735b2a6a7f686c6a0eb9f38814af499cde243c,9019
initial/textures/ability/2001,fd7b2736fa2d9bfe2d07acd6b1585dbcccfa2374bc5b84b7318d12ac4133a6cd,9438
initial/textures/ability/2002,487a28b98b11f7ec90b55b9255155fa1f0b2cc65f486c3d40d67d5a844ffb576,8881
initial/textures/attribute_icon/icon_attribute_1,5d8c3cc795ba36f412e9e346525ef0f56779fcf95993b7ba9ad36a0e91e590b5,16052
initial/textures/attribute_icon/icon_attribute_2,2b109c1715466b7a3c31f6a46b5046134206b78fc76816d5b06b8d8c06dd82b0,17058
initial/textures/attribute_icon/icon_attribute_3,383a8e0f8bb8968007e0a94a327e4c75b057e18980602473ced5d0a006ece554,12993
initial/textures/bg/bg_1,f1c01688f3a0e474dd7948560c75863995c8764eb664a48b9d74665f89a67b92,492609
initial/textures/bg/bg_behind,2dff2746c20f993e6a72312787eb24cd62ad193654473b2fde43c712247ba087,326575
initial/textures/buff/1001,b9863dddb473546bbc8538fb3b1d94511ee54deb18eb4c29634f6b12ace9a012,3706
initial/textures/buff/1002,e852e721535b11e7518b8d311dbb41699283e421155e2c47e05a20f36f2471a4,3620
initial/textures/buff/2001,6f41310912645056f207c557e273f239e77fa602c4d44ad06453b5338c4882d8,3726
initial/textures/buff/2002,856f81d3b4af6aceb7758d191e5184db879c0bfa1fb4dd1cab3161860d328d69,3618
initial/textures/item/1001,ab1c9a704b2c186f87af13c1f8a01e81f130cb251639acd6f7b7ec6404610d98,9239
initial/textures/item/2001,6432a0eff3deb7db8ea78fca644e0be2bb545edaa6e0959300224d72024c68df,9391
initial/textures/item/3001,f19e4f3cdeddaa752f9ce35112448751df0b530cbbc270c1ecf8abdfc2b65c4b,8991
initial/textures/item/3002,a4e78a029c3448c5ef63b0ceea8732b042c3058f06a1d3b59ecaeb2bf8d8e5ec,9259
initial/textures/item/3003,6c9c7b18b0440e278bd6fd028eacd37ebd0fa3db763dc69f876cc422e71bc06a,9454
initial/textures/item/3004,b74d5d98bba522a2b229ecae00b2dc7a9bc2e323b2b20af61dbac71f95d6cfb9,8453
initial/textures/item/3005,e69870fa20978ab2142301ae3ae8bea2979c5736572e4c5eb7f59bbcd6c7a8a8,9131
initial/textures/item/3006,ac4ca09df1cda9f39588538ce00cb979357d96901d2fe819973e43b968d59969,9128
initial/textures/item/3007,59d97ae1a21969d9d63fefc253150e874c87b876a73a52ab7c8165e58df4017e,8247
initial/textures/item/3008,abaf001dd3dfeb144ae5ffe4bf21d39fc124ad45bd86d06be08ef24b7e95505c,8935
initial/textures/item/3009,1999f26d26eea39a08741ee1c1b410989e4a53fb2f9fe4894349b7b64f28dca3,9164
initial/textures/item/3010,c47e502cd5466a4033a4448b16766baebd2cd758d8fbc5da29df9a2f5db24035,8661
initial/textures/item/3011,d96a2d8db5b6a693a581cff0eddda8d9a8ad3c193eda3bb0d75426c23f3a9570,8864
initial/textures/item/3012,69f49461876ca1a3b807116f376e727734d67a7ab9d1daa8eceaf86ec092695e,9071
initial/textures/item/3013,025865ebd17ff76e483c7129196f3435c2ba03ddad1130ce580d905909e31f1d,9018
initial/textures/item/3014,a626a60c5643c0a0a278aa4667092539989cd9182c1c5c84052d8cb003d09225,9507
initial/textures/item/4001,e21ed6abd5e087de8d8c96f0f1ed7be379ef8d3cb36bb2a80d9d95dfa95829a0,9205
initial/textures/item/4002,434749fd405157a126ab187ad284c7f8f150680cb44acbb41813a04c2ea9098e,9646
initial/textures/item/4003,5d0067578835ae0de79a707fe70bc7e1c941efb0c42addd00fcc5c1477760356,9421
initial/textures/item/4004,1ede09a5ad2c77d05675281d13e3479e496d5792a45a88b98116af77003d8d41,9473
initial/textures/item/4005,1056f2398f73ac81c0cf263b3c726310d2f33208dea25d1eac5555b80177c46f,9331
initial/textures/item/5001,50138e14d6d2f1db0ef1835c26ca3e6534f067b47b6301c9dfdb2f639e085b49,9502
initial/textures/item/6001,b17bcc201b7c98f43d75337184e8e9b41e197ecc97b81c362b4ba808b6a71793,9542
initial/textures/item/7001,619d41c06e967fb2a2eee0254a6476648ea642b0349c1307c2be18fccf4feaa2,9298
initial/textures/item/7002,15589474d35ed5033bcf749bd08d95212d405b105999f4c300c9f5124fbc6d87,9485
initial/textures/item/8001,020420885ac20a0a9445ad8782a82681e05a46fc4356a0f0896611d34e2ef442,8821
initial/textures/item/8002,bb0bd3412c9517fad7cb592fb1043b513c70069384bef1cfe5a8bdbae65ee87f,9198
initial/textures/item/8003,6affdda337674754c5d591cf748019f4d45964824451ac1b1f4b3273fc194c16,9450
initial/textures/item/8004,a80763539c2153a0a722966677999ff69f8d8b7771cd0690af9719807066f6e5,9210
initial/textures/item/9001,34b57c619b2ca9c6e1492e638c2a5c69de87c68f3bbf17a6ac0c60898576fe1e,9251
initial/textures/item/10001,4cc86a4e26436451f20bf5d61a344469c7611d0bc8a2a4df9bed5479c9c76e2a,9328
initial/textures/item/11001,46babd2a126e6ec5f4b643a36a9b59cbb1892cdf48ef07adcd542e144f33fac7,8511
initial/textures/item/12000,805883f5ad6ab5fa9118d44374c206242902927ac03da0d30120514b2219bfeb,8479
initial/textures/item/12001,46d37bcabda065ae4cede48af44c074c3d147cdcbdb4db096899d984db066ad1,9141
initial/textures/item/12002,400482e2ddb19a9c5161cf7759d381b7caab8caeb416947399f0152e119a6df3,8501
initial/textures/item/12003,3a8cfcd9b8454e437cf0fccd403884221fc321a3e28ad10b78706b38511b788d,8545
initial/textures/item/12004,e1a16cf2eaa80ded447d26325a6cf76ec3fd09bd416bcd8021bf17ad8229afd4,8473
initial/textures/item/12005,b99e14dd2364b9b041a31b2ad3d0d85eb76c2cc25f5d263dd0eb8a45304be623,8508
initial/textures/item/12006,3fba0c07b4bbf4105d591b4cf3a314efbee24bf61f71e7315770056820892b1d,8516
initial/textures/item/12007,4959119b6fd5f31664b85d5ce3765e72d4ea23221d0c926c17f8fc9a192bdbc2,8510
initial/textures/item/12008,e7e51a41ea0e91cf89b9b8c683e90e6ae108b348ee7e2ed3cf664370210cbece,8503
initial/textures/item/12009,19df6b80eeabbf07b63061269751cb5b512c2dfd450710400886e7cd20045b19,8493
initial/textures/item/12010,9779a9ef2ba61e7e4b2a18b97bc1f483dd38d95029f69fd60af2dfb2010f12fd,8520
initial/textures/item/12011,f1699aa86f5c22bf43e81df146092b146eca829eb3fa29228788a303660ae607,8516
initial/textures/item/12012,1053a3ecc8c0ab5b5b95811f7ea0f7f15a841ccd09dba73616b5dee5739be17e,8527
initial/textures/item/12013,93e6163b7440af18e948496671b1009322ad29536dab02180731c4e173347d62,8514
initial/textures/item/12014,ed2fa2268c0c583cfc18aa8de506af587b38e70aa1b2208df2b5875c600c0d73,8509
initial/textures/item/12015,38509786b8aa4b99b471e931f964a52e44f5ce5f36d2c1e439f7d7990a32087f,8495
initial/textures/item/12016,3d5b19898f0ea4f5c5b10136d74ba1e6523cf0a9d3989d0357d47a9f7aed70e6,8507
initial/textures/item/12017,dc5b7d50711e9fa00d1179cb97a9d4c38876cc9796689730ccfc95364dd72f8c,8507
initial/textures/item/12018,b3bc73566222ab42386e5fe95e0abc4394debb1d43f672fbdab8536af5bcc5c0,8504
initial/textures/item/12019,35d37c5d013a54f1afc13f77aae9d80f0d461aaede07b6f7901764a661a8eacc,8509
initial/textures/item/12020,61afaaeca94795a93679e8103420f51eb289d033ca0d0b367f70111e87d15eb0,8516
initial/textures/item/12021,84be802cbf8285ebfd075d6056921c455e4a8ae9994a6d15268391180fb5b8de,8521
initial/textures/item/12022,c31d46d349062c869dcfc903f3e20bbe240154a6bf0e2669787477873f0f3c59,8506
initial/textures/item/12023,ff9efa25bab6c171bf230ec8877de66d7343d860c1af53f57b19a87d93d11f17,8478
initial/textures/item/12024,81b437b1b0369502fbb00e506ff5240f10e7b20a7dabca5090eadc31cbecbd8a,8535
initial/textures/item/12025,e487fee167ca6d5eb318c72e50ba93b23b54bffc474c200cc4df7bbe3cd66267,8545
initial/textures/item/12026,18875c4d84c43c90bf7c31059e382be1eee12e0c2bc18e25beeeb1596fe750b0,8512
initial/textures/item/12027,7011c333edea0f56e9ea4c4ecc080624e00b5d229b8a0e57ed9de8876f16c62d,8542
initial/textures/item/12028,75978f8cab99e43ad052a3ccb6e6957c34d8f7c852c7288bb6ba0a963e478df5,8504
initial/textures/item/12029,476b4409dfd82b7a1afe23e3652adf821eb9cc0c48e826fa3db87df0a77a6b6f,8527
initial/textures/item/12030,5df06cecb36b60efbb04021e4aa10bd30f5cb6f7b7cbd033fbff0c502afdc7ea,8486
initial/textures/item/12031,07a29ad56000b7b6cc787b7f88667720415249a3a7ad5425ddd5ecd4cf507279,8504
initial/textures/item/12032,0e3776706c28dfb8324839847d312e681f447100364e6f80e66bfb0c28caf608,8508
initial/textures/item/12033,6e6033b776144f713ba079c83ac623f2fba11e800303cea199c90368c536933a,8522
initial/textures/item/12034,fe2cc35aa4e26b88fe0422052c53ae0b2230cbc9cf6ab8eefd8327415acb3229,8521
initial/textures/item/12035,1fc30fbaa6bffd0fb649664d8f036c676b9bbe8501344aa3eac8cb1a53d26210,8545
initial/textures/item/12036,20e64c8260cd1f6e56e76d3e0eb14d661037f9af5b29548ee71f339df7913953,8512
initial/textures/item/12037,24b1c579b22d21b46cf6173bd0241321cd38f0a039e43edd942baaa8ab938c45,8509
initial/textures/item/12038,5bb1d0e97bcd876de5db56a4f2e4f70edd53b53b1de8bc62eb544f7b0541180b,8491
initial/textures/item/12039,14f26b188d7651061a91c9f7d8460cd0ba2daa2400570069f2147ab60d87eda3,8480
initial/textures/item/12040,911f9760c320c0fb37e1e4e21c607a520cb1fdc93e76f0b6775d5ef84414d541,8523
initial/textures/item/12041,f7e66b96916859ef30d4d8243898ff4806bf5a9288b32854456d0605ab53e4df,8475
initial/textures/item/12042,f9459dda7f27b7d33f3e7da9053086d87c1f34318806aeb687c005a14504a2e8,8530
initial/textures/item/12043,f80ce188ff90c63aba2d5e07c826c8594b970d3bb224e6c342f1721246e709ef,8509
initial/textures/item/12044,217d5100e409b3c4c043995669e9ee2c3d59663f986e1d5a0177d69a5906da06,8518
initial/textures/item/12045,b8b52f3bdccfc54a24bffabb76c4ccee4d1d0a64f928e7e96fb9dd14ebaae282,8479
initial/textures/item/12046,08631290d952e3f7d73d8f9fde88ee4c17c51661179a4cc7cffb08c3c72819a0,8541
initial/textures/item/12047,fe23037c09d20a015e0199ac86fea47983ecfcf2e66c38fa5c4e3d6209a60bad,8492
initial/textures/item/12048,cc525a07a50ba0992b1ce505817e13a4e1b501c40103938665a81fbb73080079,8478
initial/textures/item/12049,c1d0a9b80db84efb8d3a083d9b7952e25d5976878e784c27fa46a8cfcb5c0496,8470
initial/textures/item/12050,5a093019734f6fe9e7525ef0e1274d7b7e9e81155c5c398b847ce2dfc8213979,8489
initial/textures/item/12051,466f3a143c5d4d59c64702b365b09231830485a5d956bd371df5fa14ce103817,8507
initial/textures/item/12052,f5a5de2d30428a0ccc465db779dea00dbf1409d56b111acfefa49aa4b261ffef,8507
initial/textures/item/12053,624e83902b396c9b61b757258a0ef6bde7e517ef0832aec970b39bcf1f361d9b,8521
initial/textures/item/12054,d1891ae6ac789e609af1670df3b610b8a19ffa0f56e567e7d204c0e3a4f2c19b,8512
initial/textures/item/12055,d3f3ab4ded0e92bc61929c026140b498ec09d8586f44b3b601d696214de42a88,8514
initial/textures/item/12056,e52b7ced689c6e906da3b0f7abbcdecbd248ab449527f3b0abf5c34f0c670655,8528
initial/textures/item/12057,22c99a486182c4925873d674e8079cbaac5b93304b96c96d30fe91e9460de76b,8508
initial/textures/item/12058,17cb92eb12b5c750ac7693779c3408fe3e97a86e03f1514012c8c3a777aa0563,8506
initial/textures/item/12059,79e75a18ab5e003b0c74b77c299e1af612050e34496b5845a65778aeaa5373e5,8477
initial/textures/item/12060,65388f506e6fe1905a91801e17a68c5c773bc60ee587acbf2f5b730317de0421,8506
initial/textures/item/12061,17a43404a9faac629df10cf671b34b33830de04023842aa3dcfb3109b160eee5,8508
initial/textures/item/12062,b772151c24ee0ee56324f3e535417c28818e15834890555632026cdb20c01cf5,8509
initial/textures/item/12063,be23d9a53b07f752c1246dbdf9afb9e1f50f22e9e190972c5801e2b77fc7dc64,8509
initial/textures/item/12064,c32753c8af4ba133ac0416be24554b574cc388608fe09f6e77419496dac9c533,8478
initial/textures/item/12065,1305755a526029a383939a03cac14e841f908fcbaeced42caad69d2955d8f84f,8535
initial/textures/item/12066,4cd0ffe226f9d0e7d3dccbb4740db4814934875f5bcce4a4bb08c72a0bbf427d,8490
initial/textures/item/12067,ac031106dd83ba479a8a22fa209e4afd4b0ea56dacb4666e7f2ae77cc75565bc,8542
initial/textures/item/12068,85a5150a4ddf3bca068e20e39d3377b1c8c3ee49062b59056395407af92cce0d,8509
initial/textures/item/12069,3bca0a18f27675b642e23c6cf3386909f5bc9cf0ea7332cce96463ab1e9ebbe7,8474
initial/textures/item/12070,4ad708ce18b852373d73d0ef9cdeda901f930e8ddeb0af7d9d8bbaca2975e0d2,8525
initial/textures/item/12071,1d05a4acaef39a460e2fa301f2b31a99e3d5c7b56d076378a30e88b41f43279d,8530
initial/textures/item/12072,17c8846022e803b876b480c4d664870c70fe06c44ca987b29a01bb541841712f,8518
initial/textures/item/12073,3a1bfe501d764dbf8b56cb1e94b6fc0c8f1e0413f8c258ed57485c25f974e0b7,8503
initial/textures/item/12074,63fe54f5d6ce406d46cde2a5465ddb5915ff0cf0f8226bb6de15331198395ba1,8488
initial/textures/item/12075,c5725ae26995c2fe4e35c09acdd2b3ec635e678aee970881bfe299fc0db5b22f,8477
initial/textures/item/12076,8c5f1183388fa1441ec69305c6f7442bc61353dfdcc183114370fc948295978c,8527
initial/textures/item/12077,9c97a5eb2d694ab0b1c3452d02e539fa3c2c9e851eb7ab05643ecd11f9c0e4c5,8527
initial/textures/item/12078,564b34b31419e72d921eb2732e5fe7279c52dc29d957588c67e2f5cdf7c747df,8530
initial/textures/item/12079,37e4f3b81bde31ac2b7249bc201529ece0bf66cb9083a46ad90ce3744c095920,8503
initial/textures/item/12080,20ba90551711fbbf5f91eb63276f2e85edb376d0d002fa2b57c297c04a717655,8505
initial/textures/item/12081,e0a53fb39848961b4dfa401dbfb6189f9c4f33323d66e8a2c7b59db769f85d3d,8477
initial/textures/item/12082,66537188365a676b0f1d4126c1dbff6659219d4556aee6912269e8f7612e8cc8,8508
initial/textures/item/12083,baa0a1a69bad187390716fd6a00042ca42018d487d59a1947e8b2240699ad66f,8539
initial/textures/item/12084,32fcb533b492ebc982cfe7c16ecb8ef719fa854e9708cc39085090b1173187ac,8509
initial/textures/item/12085,cb757bd59f78219ab15b3c6bd042278b26e852e625e136965ae4b841ca1c768d,8511
initial/textures/item/12086,2d4559c66f4c4e8657ff091cfdfb7fffa29f818043f35ddc897e96c02f0ffb3d,8515
initial/textures/item/12087,1839833c8a44780cb0b9e506d18f8a44d346b9357b579956c57ca0b6972f3c60,8537
initial/textures/item/12088,f4add9108b0aa1a7d35cefd7410e695c689d75611072f7bbaac172a662fb7502,8503
initial/textures/item/12089,ff5413f3b4b90f665adad079977860eb6da05505edd4a890ef32d2d682f67534,8509
initial/textures/item/12090,2d167e6cffb935b8361748e03477a1c1c99437e33992bfe2294fe9b85d67423b,8488
initial/textures/item/12091,f98e0f751393f1a15a029da534675ce48486cbb69be6c5f38604f0d3880fab1a,8519
initial/textures/item/12092,0957c2f77c84fee9c718fd0dcafa6933dbd6602be11e14a5e8bf6253a6742b9b,8506
initial/textures/item/12093,f0091776abc89bcbc514f7b349fd944144deec97d7a06823f0a41a873395bcd1,8478
initial/textures/item/12094,29f18d608284e25370b9b9028fbb15770a0e36e11eb17a99c425df09c36cc65c,8495
initial/textures/item/12095,2c21dfd0332297549ce51c990734f12e67f6b96a27e5c11ab1592cb7e2f46047,8521
initial/textures/item/12096,ca0838fe34de03faa4fe13cfc32c6a4688c4aced05b4b534db610ca39bbb6f28,8519
initial/textures/item/12097,e0d55dbd31832b2149da91c2fcd2f97ec5ea1fb6020a8885d993cd7e9dbe9d12,8486
initial/textures/item/12098,661175b42353c16f99e9e2581af072e6f32cf51ca673d1b52d09b6d6725e6f46,8511
initial/textures/item/12099,3c0f5df3d90271f7d151aeb9bf27c87bc73b1209e22bb38e9a38c8f3adabb92b,8527
initial/textures/item/12100,69e93a75c2c6abf57c848c56b4d9bac38816c4bd545b596ad475c69a4012b414,8503
initial/textures/item/13101,8993034ceeaf8b779b03bfa473eca9387e9709a695bbaf560101c733a7111ebf,8519
initial/textures/item/13102,95e53703151e4459884ac7de74a5a664289494b8d75101fb5408d47c2e3bfe9b,8469
initial/textures/item/13103,47700b122b5a63960bca5a3375287acc4c9ad232ed8f4d1c4462e56c499029f0,8511
initial/textures/item/13104,b8cf9cac7f9ee7dc58439ebc1b59667db8113b63464cfe43d6d2fb08fbcc72e8,8509
initial/textures/item/13105,ba07f81f0264b55f0a80c95a62fe151ce044424454217a0cf9b801a10618e592,8492
initial/textures/item/13201,618a94d7be1f535fb6abc32ba548635ce04c0f21fd9f5deb2308482b90ba322a,8503
initial/textures/item/13202,de5f381ba2249b5cd37f2a298af73e2d7e6dfe3e62f382bd7e942198099a477c,8479
initial/textures/item/13203,c8ef1a0a745138c70a750892968b219c0aa04692c1839146a493dd6e08986e01,8505
initial/textures/item/13204,695ce12b816d2fcc77e745c47640a71d1abfe9a2b72658cf9a3645ebf16a4a16,8483
initial/textures/item/13205,e947903077b9e5e4722d6eadc4c39f9c09917ee682cbbc24db7d8b532b37877e,8510
initial/textures/item/13301,e949432f5086db2f71fcacff4e303188bed5049cdd8596ddc97e3219221687f6,8532
initial/textures/item/13302,60854a7ba1c0f4a26021010cc5ee911e6230da9c9f0c4cfa24e1c100c569bb81,8514
initial/textures/item/13303,c085778c1610aca0250de9162537d3628e37ca51efa3d9de3521ce2a912df399,8508
initial/textures/item/13304,f17ba43a810d99998c5b78a0d26708f0f3e1430384239a533019a6f5ef7ed847,8485
initial/textures/item/13305,fc20961d20d9d13ba00cebdef24d114767c2fb28bc5ada8fadb7e842db7ca006,8503
initial/textures/item/13306,71bf4e8b76ae4c421460dea7b13cc6f4b46abc326474b1d993810c06e4e481b9,8515
initial/textures/item/14001,4ce33ea9d966d386e7db110887a700cda8dff3cb27b43ca69110bd032bf0b30e,8737
initial/textures/item/empty_n,a253a7e370e9e72058814532dd32138c0e4cc5c817edc2a034182c00a669d88e,6854
initial/textures/item/empty_r,c803784323c4945afe40b00c8dae57aed9fdfe0d242d9d1a70d024705fd0e614,7127
initial/textures/item/empty_secret,44d3204f55b8bff6f411f8ae24f2302e7076e3e841142c20b4d82600b59d59f2,7362
initial/textures/item/empty_sr,0670ec82072aeeadb628ecb46151dc68af9d13a50ecfdac3fd25e90d4b99ceba,7643
initial/textures/item/loading,5892677473e159614d11f3a3ac058c59f817a452ced8b3dc54ec41d575837f0f,3365
initial/textures/job_name/1,532913828365d3c47c9682b370f02439a2cac0b4be1ac9972f96d0dae82e5b2f,26204
initial/textures/job_name/1_en,de416c4d49f907d714cc58f2a2e1ed3e03b889b8d1701679bed88de192024d1a,33272
initial/textures/job_name/2,5308d0ebe89502637094be05212e9408bcc4346ad0df83ea7cd6d816d4c04686,26379
initial/textures/job_name/2_en,78ab1a54eab34d598d9c49341f61704ef974e632e1d3bb27c12e84e82ac272ba,33219
initial/textures/param_icon/attack,71f742cd65c98fafb497a27c74450ac1c67e758d79e80579be6330ad58c12991,3429
initial/textures/param_icon/defense,061b75c17e5c7279b682ae8fc936bbdef225265df6229e193858b890d7e5324f,3515
initial/textures/param_icon/hp,355d05c56c400f4346679069eac5152736875f01fb258430a7220a20aee73597,3427
initial/textures/param_icon/lv,d0823e644042daff6a89398fc2c51a2c6e7b1dd65b1c7cdd99cd3721c7406328,3313
initial/textures/param_icon/skill_lv,70ce7e8464a646072db93017aa428877e2cab40607b87ddeadb755a18d4bed1f,3442
initial/textures/param_icon/sp,a519816f59658a7bad4d1de45a8a5d2dcf43bd1f7d3f3e618f88ef3ccd3f6c26,3145
initial/textures/param_icon/summon,c3206c3a65fe354c18a34c9ae9e51fcde2ea06fe092c2092f87bb08878633e37,3211
initial/textures/param_up_icon/icon_up_1,dd680a30a6a5ccdfe55dc51238983417c1a05e4233e25b70e5513049509b8861,3982
initial/textures/param_up_icon/icon_up_2,91b2486cb7d4c457fe4ae1a7619bcab3bd32b6453e69bcc8659c9f035b2a9de6,3878
initial/textures/param_up_icon/icon_up_3,793219d555f62bd4c45b071ded043ad82e49a43147d567904ba8122093fb9583,3926
initial/textures/param_up_icon/icon_up_4,5b11605fd0617def63778ace1d2d44c10a90127e4c79a11ee1873c3f5d22b91d,3864
initial/textures/param_up_icon/icon_up_5,3bcb24de86de87685bf70259d9fe81013bea1273a4154ebd465743abdd03d32c,4046
initial/textures/param_up_icon/icon_up_6,c5454221bb15abb00d1dbeecd7c0dc420a15bdc3ef5f832fb78bd1c044844c13,3854
initial/textures/param_up_icon/icon_up_7,4727eb3c2e2afd43a07c659351b7c979953d1e65fc5945bc59d2416914a61c8b,4157
initial/textures/param_up_icon/icon_up_8,33004c25c1445257d47aa3093910dec3d2571cbd411797b96c42f9db91b32407,4171
initial/textures/quest/1001/1/start_title,4df60636eb41a814d9c60440bde65901eb3f84e5c72f0bcb7d27471696b48ebc,20087
initial/textures/quest/1001/1/thumb,62244a363772921000dfa1c7e7fb1abf4876abd63faabb59aed7b47282b7d5ae,29085
initial/textures/quest/1001/2/start_title,e5186f44e015a0796fb56592848df37338b6893dce68bc77d88bfd536da5005a,20018
initial/textures/quest/1001/2/thumb,37d2ac1b5b862931919ccf09261616f99212b29b56963ddd1fcb10f98d153a5e,33486
initial/textures/quest/1001/list_bg,249db1d137aaffc41e04ede15b5578efc7c83b57c5020c71632e69da80b09109,76238
initial/textures/quest/1001/list_title,17ffeb393e5cb3c90f6440fae0c0334b8110989e2704e60139545ce3f17fead2,6106
initial/textures/quest/1001/start_title,6f77f227553574bbe01c48a9ebef13a825ab07fc2b370cee5a41a0a4d3bcdbd3,20119
initial/textures/quest/1002/1/start_title,10dc29ef1e5bcc866fe66d5dd7819f36b87991a0510f9a2bbb0084da83a926cf,20033
initial/textures/quest/1002/1/thumb,2a716cce2529c9ac935afdfaad9ad354e1bf834fe036aae7c4b58e93ffb59a1f,29859
initial/textures/quest/1002/list_bg,536104174866b06e41e8b392199d179cd7088cd57c8b0755cca08d1957d8fc06,69572
initial/textures/quest/1002/list_title,f6de44c6693033f822235de9c3e8e7555cb2357066d5ca75672a02aef8fc9b8d,6069
initial/textures/quest/1002/start_title,b2104cdefa182ce3f7ba1f213c1ba1153fdaccae3f5aa76628fefe3e25d7b801,20040
initial/textures/quest/2001/1/start_title,b75f0b81307abdd9243729ceb9746bd7bff64b8c3edaccacf48d74275c2e0412,20101
initial/textures/quest/2001/1/thumb,d96db428885fec3ce9ec081a4cc46d822bc9d4c20dbc595281d53079db1bd564,29098
initial/textures/quest/2001/list_bg,5a1024b8621f2938421c467401b9a84ff212422c37cba8cf994e150a7867f7d6,76282
initial/textures/quest/2001/list_title,4cf48553f00f3b122574d8ea062a1b1e4ad6302419f6c1fe5f02a970543a1b95,6106
initial/textures/quest/2001/start_title,b9389a7e04cd146c57589a8c19a92817c947dfff7eb811163940a09e729572be,20045
initial/textures/quest/2002/1/start_title,e220f45c24ddfb2cf7d768a9b06abbb59f1721213d2f4de7cdb53150c1571c6f,20087
initial/textures/quest/2002/1/thumb,8a7e5f5b7cb9937f0c5a20f8fa1c1bfca637cb5380d81ef5a52695c30f6cc97f,29075
initial/textures/quest/2002/list_bg,c29eaf7c02a4b6fcded4e622af1ea77b9eb0b8c24574369de43a602a3835696e,76240
initial/textures/quest/2002/list_title,2c233a8f91d3e5f9de27ad389ccb5cd7fb19a33ef1447bc69766764c984e5d7a,6080
initial/textures/quest/2002/start_title,6699054aea01b2ad1ce9259d0a8c24964cfb547ac26415a4572d40376e115ec3,20057
initial/textures/quest/2003/1/start_title,9260d98fb55abb7e6c3edeb28a799309a62c451019c09f7fdba672eb11f9805c,19995
initial/textures/quest/2003/1/thumb,6979f5804bc4d0f50962cfc8b04352dea97fadb0ed8b34afb6a00e35d463e9c5,29118
initial/textures/quest/2003/list_bg,f1374e3646e0377f879ac7c71c16e82b0bae3bd13e8831741d159809601bba46,76201
initial/textures/quest/2003/list_title,2c1fcafea03d61ff38abc8d48d5ddca425c06453a0fe6bad91780196d884a477,6080
initial/textures/quest/2003/start_title,1faeca6e5662404eb72f1c542092be82fa9d91cfbabb4243ad752e81b0b81f54,20027
initial/textures/quest/2004/1/start_title,bf346317c408a3ce38c0fa682749e786e587b929130ef4659c8addef33c7fa87,20072
initial/textures/quest/2004/1/thumb,c8137e84805c897520ffecda4aadfc6aa71be49c5cf74e6c55c6b1ce987273eb,29094
initial/textures/quest/2004/list_bg,19e09069ce8244724f935a9f36f2b8d237fd59acd542189d111acf62b46d3fc5,76231
initial/textures/quest/2004/list_title,c3e5073b2e52058f1487a678b99fd06beb9493fa53e9af3aca9c55e69cedef52,6084
initial/textures/quest/2004/start_title,3da87b6b3fe86ea4e7d512a3212963988ae690d107a4abad9c3254c76ce6b102,20110
initial/textures/quest/2005/1/start_title,90d53fe6620cc2e53486fb637a0f1286b7c88af53ac313980470b0aa25adad7a,20026
initial/textures/quest/2005/1/thumb,2258b535fdb98e764d739464d9d4471455e7f8334ddb449afaa3485c8cb3c2ef,29090
initial/textures/quest/2005/list_bg,1939ff9d345bd338f6aa8b48829b3f06e23908de37f80018a5fb1bac335aa847,76241
initial/textures/quest/2005/list_title,402ee8201d882b310d1fe330fdb9a515aad4356ad2d15c1327a215b63217f3e5,6075
initial/textures/quest/2005/start_title,c26cb3d601c1f32275f0c2104261da659ad35b21b92cf8e20833f4ea72c75712,20086
initial/textures/quest/2006/1/start_title,5891372aecb9d5ce4411bfa4be6795cd45f26c4627ff44f0cbfeb799f56bbb45,20043
initial/textures/quest/2006/1/thumb,ddaf9d135a5c0feb60a82827d3fda58281e04e5874c18b251bc440d9bcfad1c9,29112
initial/textures/quest/2006/list_bg,c6eb6178c3085e3da9bd0e2fda9a8ef985b94ebf0e58b44b679ca1f33e4f0acd,76255
initial/textures/quest/2006/list_title,f8fb3ff7b250cb482330b07d435120c46dd0d2f6a173f41e779565c37c771a89,6089
initial/textures/quest/2006/start_title,f4eb9f1e8d6a8627c575d958bd5369d9502631067dacb4432f7e7353aaf50a46,20091
initial/textures/quest/2007/1/start_title,f482bf5ece1978715a3d55b0bfc045d8cb62570c7790e2942818554d77ef5fed,20123
initial/textures/quest/2007/1/thumb,496c423c2b00c276f77908907325d26b2a6ce1a1d442c3e4b4cf58f45cabccc7,29141
initial/textures/quest/2007/list_bg,d09f851a48897b122bff106ed96bb0527cff8572d948bde41aecdd4907690b5f,76227
initial/textures/quest/2007/list_title,13fdff7280b485c1af517eb21d85a1df1dfb63ac105344591923e579050a7f80,6066
initial/textures/quest/2007/start_title,c63c9e2086f2c9210d8264995c61c6ccb85e7f7550b3bb2a33b0dbcb5806ea04,20132
initial/textures/quest/3001/1/start_title,111f2575e1e86935f98f17412617ccae53d577d4c5f65d22aa3ddbae35636630,20074
initial/textures/quest/3001/1/thumb,4e72a1e15f8487b5eb064fc2270129b1f6d66bfb7667a25e5fc872a316b65906,29139
initial/textures/quest/3001/list_bg,b36a3c3897cb83eea505f28aa3b1cd6e47c91b8634499a72eb02f09798c48b6e,76364
initial/textures/quest/3001/list_title,d77595bc6af6659b02a43a03883e65a346e3d0780d55c15ea07f5ed9b45d4b4a,6052
initial/textures/quest/3001/start_title,2f748c802a7931e1fc69461722502b584ce13af10757d2ddfbb67a7ffba11835,20074
initial/textures/shop/1001,a9b9271fcd6f87e1a9b7b9d79f3fc08d1472543593e77daed6347f75fb3884af,8137
initial/textures/shop/1002,919ff90b3d2cbce9363820a150dea435a9649fb1ca743c9893fb5eee6e2d13d2,8118
initial/textures/shop/2001,5f5e8e13d7f27f9c438b5510e0902f3d1ba942625f1947ebcab8f2d13f60e9b3,8141
initial/textures/shop/3001,bb3c11b5562ff32f4a54cb812d6a8ffc986a54934af799729354bad0e236cbcd,8139
initial/textures/shop/3002,8e0e2c3662b2d8cfbd82b1098a062851556b8cc4b6ba92026beba141388ebd56,8116
initial/textures/shop/3003,5a8cd0987f16b836f49820e68e5599d8d43aa7d0f3e91557f3ef9307923ded30,8122
initial/textures/shop/3004,d81b950d2f9adc52fc0228bbbae858aacde08197d60bd9a401802c57760abb33,8108
initial/textures/shop/3005,e585f70f845f3bfcb8c43e288b7e0e9013de2dd9f7a67c288c50efd12cca588a,8125
initial/textures/shop/4001,b8715c2230d297b12eb308ad8215491e3fb35fcadaa5f813edc3684d4666426a,8139
initial/textures/shop/9001,32d3f8504863e456135952cce343c46e8bf49306ad3dfcb4723cdcd8708b6524,8111
initial/textures/shop/9002,3da1f47e7bd23c9656e0a03a49dcd382e8843b5b687ad49817ed2d3f16be1c84,8120
initial/textures/shop/9003,25f0a886875350e2fdf3c62308234f2fbba3114e94daa73002633b5b1b7e96f0,8095
initial/textures/tips/tips_1,db1fc8e7f15392ed2823d655ca689b1b909a61585a2221fffb5b29c642980e97,12879
initial/textures/tips/tips_2,cbfe4957732f76ee35f2d9229e7d1be4ae36b91dadd777288230a15228a891f5,12873
initial/textures/user_dummy_icon/dummy_0,1d125d59586ac60cacd6da4069f07af16200e9b22a632aa94cf5d0fc19ea55c0,5805
initial/textures/user_dummy_icon/dummy_1,75567c531117064116093b1023927afa2021e6284e98377303a8d7d579cd67c6,5835
initial/textures/user_dummy_icon/dummy_2,51b12eb8eb681506d3cb7a6a8a7b0e5ff64173e87a1d97c4774353e2d21d3cbb,6708
initial/textures/user_dummy_icon/dummy_3,98e613dbbc3fe07381859ca440bcd987832d33294c631ef967dcc91948b17407,5570
initial/textures/user_dummy_icon/dummy_4,00b4ff442a32743e00d69d57379b9dcb5fea2423c072a84009caf70855452d3c,5803
initial/textures/user_dummy_icon/dummy_5,6a725e70c54fbd608fd723bad3c05f1ab46874c300c65b4067c6e65c6eda7752,6749
initial/textures/user_dummy_icon/dummy_6,2ea7cec0f6495dd8e03ce6ea9158a599abd6a6afee3181aa7ae98e6f9764a9ec,5574
initial/textures/user_dummy_icon/dummy_7,714e1c4aea4d76e9b0153b8b250443cc00160483a5135d5abbf36d1ea297d2b7,5821
initial/textures/user_dummy_icon/dummy_8,ad209315194bc5d31f312954f4892bc58f6d0a4abdf0e8af0568fe24443f1722,6741
initial/textures/user_dummy_icon/dummy_9,a70762c9edc4e9fa59e83d4f2ad5e86c85fcd2b9cc0fcce6fd4258e6975ab823,5586
raw/gacha.mp4,83f6fb2eba585e58a9b4e38e480b25eca2c4cacb7a090f206afbe220f5a82fd2.mp4,1968616
raw/planet_move.mp4,aa1bd88ff52ccd8a64cd5993cc151b5954d200ab38681325ef68da521a623db3.mp4,5845064
raw/prologue.mp4,fa67de1359b650e0df807a8d72999f4985a2047b7ce949f291ac815967ead923.mp4,9919871
